Country Code,Country Name,1970,1971,1972,1973,1974,1975,1976,1977,1978,1979,1980,1981,1982,1983,1984,1985,1986,1987,1988,1989,1990,1991,1992,1993,1994,1995,1996,1997,1998,1999,2000,2001,2002,2003,2004,2005,2006,2007,2008,2009,2010,2011,2012,2013,2014,2015,2016,2017,2018,2019,2020,2021,2022,2023
ABW,Aruba,,,,,,,,,,,,,,,,,,,,,,,,,,,,,,96.75515747,87.10990906,100.8810577,104.0935669,90.20690155,91.40940094,97.09140778,97.60320282,106.2586899,104.0277786,95.40541077,98.3717804,,,99.45204926,106.0561295,,,,106.1011887,107.0254135,99.4091568,103.0911865,93.40659332,
AFE,Africa Eastern and Southern,,,37.43724823,38.16513062,39.12631989,39.97486877,40.71406937,42.07307816,43.43009186,45.87363052,46.71244812,48.31629181,49.22523117,50.346241,53.67660141,50.58481979,50.45972824,49.24763107,47.8259201,46.25574875,47.55992126,48.74192047,47.69887161,49.1685791,48.00696182,48.31211853,48.59495163,48.05268097,46.74779129,46.67588043,46.03342819,47.86663818,49.08946991,50.41680145,51.51139069,54.03422165,56.88735962,58.72240829,62.29362106,66.61881256,66.87374115,65.38092804,65.7979126,65.87258148,66.41423798,66.43496704,67.41673279,68.63954926,69.875,70.37373352,71.27111053,72.30491638,71.33622742,
AFG,Afghanistan,,,,,4.696129799,,,5.821760178,6.661290169,,9.442970276,13.98476982,,,12.91047955,12.11536026,,,,,,,,17.07204056,,,,,,,,,,,,,,,,,,,,,,,65.56761169,69.04192352,69.76660919,67.50279999,,,,
AFW,Africa Western and Central,,,44.67911148,44.68832016,44.49499893,45.1592598,45.76158142,46.27133942,47.28583145,47.46054077,47.96656036,48.53554916,48.78982162,48.99829865,49.17338181,49.27595901,49.69501114,49.90512085,49.76298141,49.57086945,49.79465103,49.84669113,50.1471405,50.28417969,50.35754013,50.24032974,50.91241837,50.96131897,51.39677811,51.71398926,52.36880112,53.04502106,53.42840958,54.0705719,54.36436081,56.40122986,58.9998703,56.65354156,55.36901093,58.24517822,59.67697906,61.07376099,62.73786163,62.72602844,63.28001022,64.30951691,64.9287796,64.45777893,64.78121185,64.99474335,65.43846893,66.15293121,64.92678833,65.61779022
AGO,Angola,,,,,,,,,,,,,,,,,,,,,,,,,,,,,,,,,,,,,,,36.5583992,36.45767975,36.21923828,35.86365128,,,,,,,,,,59.0305481,60.20042801,
ALB,Albania,,,,,,,,,,,,,,,,,,,,,,,,,,,90.58026123,,,,,,,107.9253769,104.7206726,,,108.7185898,109.8604736,107.6139221,101.4887238,100.7001419,118.6497803,87.77232361,106.8716888,98.1427002,99.86972046,104.4630737,102.0253983,94.47618866,97.04009247,94.84928894,97.50276184,91.69960022
AND,Andorra,,,,,,,,,,,,,,,,,,,,,,,,,,,,,,,,,92.74923706,102.4242401,106.1946869,,,,,,,,,,65.67568207,68.60157776,64.20764923,66.09194946,62.35955048,61.99460983,61.64384079,60.09281158,,68.15920258
ARB,Arab World,38.71680832,38.46035004,38.15692139,39.0900383,39.92089081,42.18888092,43.9194603,45.72803879,44.62942123,41.98598862,46.04486084,49.17988968,50.38008881,51.73386002,53.86927032,57.44202042,57.18518066,57.30987167,58.40982819,58.95158005,60.63293839,61.16342926,62.15961838,62.57978821,63.55540085,64.80873871,66.1448822,67.20330048,68.58522034,69.98461151,70.10883331,71.45420074,72.63021851,74.09661102,75.80751801,76.57953644,75.45052338,77.45458221,78.7069931,78.59416199,80.39505005,80.90383911,82.36438751,78.438797,78.73213959,78.06867981,78.07206726,78.35073853,79.38780212,79.68080139,80.7505188,80.96450806,82.3646698,83.72989655
ARE,United Arab Emirates,,,,,31.48278046,43.24414825,50.24361038,56.52960968,58.10195923,63.16656113,67.43968964,72.16374207,81.61280823,84.10325623,84.19415283,79.28408813,82.81664276,80.96613312,75.59152985,79.70329285,86.01954651,92.09213257,92.1190033,91.06661224,91.95426941,91.44165039,87.97959137,86.6882782,86.70594788,91.74375916,95.12320709,112.2133713,107.7769699,95.67386627,92.11451721,90.77863312,88.31291199,88.7828598,,66.9717865,68.28819275,68.45391083,72.60526276,74.98696136,77.12751007,78.85233307,,,,83.00135803,80.02568054,,,100.9227905
ARG,Argentina,73.10605621,75.09815979,,,,81.67282867,81.05715942,,,,,,,,,,,,,,,,,,,,94.69560242,94.98332977,103.8331375,100.8948212,100.9425201,100.5229034,103.2058334,100.6469421,98.80518341,95.7585907,96.67160034,99.47103119,103.0543365,103.5590286,103.731308,103.9200516,104.1178665,103.5876312,105.5988083,106.2967834,107.8207626,102.2299118,101.081398,101.146431,105.180069,106.3924179,103.8857498,
ARM,Armenia,,,,,,,,,,,,,,,,,,,,,,,,,,,,,,,,,82.73071289,86.52079773,99.04038239,93.87973785,92.8469696,97.52372742,98.51573181,,91.86325836,93.53421783,93.80789948,,93.34204102,94.115242,104.3799896,101.9380112,98.58821869,95.98857117,101.7783737,100.1867523,91.07187653,92.3628006
ASM,American Samoa,,,,,,,,,,,,,,,,,,,,,,,,,,,,,,,,,,,,,,,,,,,,,,,,,,,,,,
ATG,Antigua and Barbuda,,,,,,74.18334961,73.36898041,,,,,,,,,,,,,,,,84.28804779,,,,,,,,,,,,,,,,109.1275177,104.2640991,118.1952667,113.56707,,114.9408264,109.3558273,99.05512238,99.19871521,106.4620438,107.7294693,107.7287064,,,,
AUS,Australia,,,,,,,,,,,,,,,,,,,,,,,,,,,,,,,,,,,,,,,,,,,,,,,,,,,,,,
AUT,Austria,,95.04364014,97.14814758,96.50691986,,,,,,,,,,,,,,,,,,,,,,,,,99.8747406,98.92333221,,,99.50287628,,100.3068924,,,,,,,100.4425201,96.7753067,98.53124237,98.0967865,98.62798309,96.56767273,98.88742065,98.20957184,98.97820282,97.44068909,100.079628,96.62406921,
AZE,Azerbaijan,,,,,,,,,,,,,,,,,,,,,,,,,,,,,,,85.49742889,93.98149872,100.9912262,90.24809265,94.85749817,89.6128006,90.931427,98.49185181,89.71559906,91.42843628,88.97885132,92.18356323,91.59458923,86.54667664,97.61051941,101.6183319,109.7202072,107.6183777,100.6412125,100.3731613,99.16851807,96.52568054,99.01213074,95.94606781
BDI,Burundi,,3.009730101,,6.77049017,7.509729862,8.054730415,7.862639904,7.791269779,7.775839806,8.012889862,8.053830147,8.02793026,9.538189888,12.86713028,17.34873962,17.56023979,19.60552025,19.09342003,27.21541023,24.90823936,31.7035408,39.77455902,39.45352936,42.93793869,,,,,,,22.96640015,23.2510891,23.41058922,26.45689964,27.11024094,31.36281013,,45.22140884,39.93029022,47.93864059,53.58657837,59.70814133,66.2401123,74.8393631,73.88234711,66.90740967,69.17881775,68.0269928,61.61993027,57.89453125,53.00183868,,,
BEL,Belgium,,,,,70.61830902,70.50952911,70.17047119,74.04717255,75.35253143,70.98531342,71.98873138,76.77108765,79.49304962,72.6877594,77.30417633,77.43083954,77.69986725,77.9318924,77.59391785,,,80.02400208,,,,,,,,,,,,,,,,,,,,,,,,,,,,,,,,
BEN,Benin,,9.542510033,11.29456043,11.47404957,10.64993954,12.29977989,13.43589973,12.74831963,14.67041969,16.18478012,18.66443062,17.36655045,20.29257965,19.14942932,17.31772995,19.28130913,17.66555023,17.03741074,16.13825035,16.13484001,11.15036011,13.20777988,12.96840954,14.13850021,15.47692966,18.66999054,19.47528076,21.18170929,23.0585804,,25.08330917,28.21789932,29.77749062,34.18796158,39.50815964,,,,52.20484161,,57.21662903,62.92002106,64.46685028,70.16954041,71.69754028,73.32675934,73.06273651,,,58.67406845,57.39344025,67.27951813,61.85314178,
BFA,Burkina Faso,,4.859660149,4.655029774,4.935150146,5.009759903,5.542200089,5.443180084,6.29542017,6.275559902,6.794400215,6.705840111,7.301189899,7.501989841,8.145759583,9.411239624,10.03063965,,11.3882103,12.1655302,11.91926003,13.88665009,14.66030025,20.84297943,18.62601089,19.62026978,14.71557999,17.3873806,,,17.93648911,19.56035995,20.4312191,21.66958046,23.59392929,24.99445915,26.45746994,28.02854919,29.77816963,33.24071121,39.18260956,43.19589996,49.93766785,54.7807312,61.26153946,61.53113174,61.89213181,62.28485107,64.1177063,65.44954681,65.14511108,66.19225311,68.6767807,63.75920868,57.27949905
BGD,Bangladesh,,,,,,,28.27313995,,,,,20.88925934,,,,,,,,,,,,,,,,,,,,,,,,68.14070129,,,59.9092598,65.91586304,68.51152039,,,,,,,,,,,122.0238037,114.6618576,115.5540161
BGR,Bulgaria,,,,,,,,,,,,,,,,,98.389328,100.7602463,103.8477478,105.421051,101.6746979,95.0087204,90.78166199,86.90132904,87.14154816,85.68118286,89.48734283,91.57620239,92.98828888,93.84390259,95.5269928,100.3040466,101.5277023,101.9439621,102.7944336,104.7441635,107.5432968,103.9915466,103.244133,100.9161911,99.53479767,99.28729248,99.03523254,99.85723877,98.85475159,99.26647949,98.5221405,98.70162964,97.39785004,96.7766037,97.91490936,92.74388123,95.41210175,
BHR,Bahrain,,,,,,,,,,,,,79.98316193,77.25019836,78.87255096,79.34705353,80.21053314,84.56002045,90.7056427,98.49977875,,100.0875702,93.44841766,86.92015076,80.45485687,81.86306763,81.16671753,,83.97109985,87.26885986,87.45960236,88.74960327,92.49417114,92.53913116,97.32739258,97.15653992,,,,,,94.40569305,98.20407867,103.3828125,103.6981583,99.77892303,101.2823486,99.25115204,100.6074524,99.5079422,,,93.41542816,89.67569733
BHS,"Bahamas, The",,,,,,,,,,,,,,,,,,,,,,,,,,,,,,78.56427002,,,,,,92.9274826,85.78227234,89.40357208,87.7093277,87.05812073,79.50868988,87.86798096,84.23703766,76.04415131,77.33013153,,,,,,,,,
BIH,Bosnia and Herzegovina,,,,,,,,,,,,,,,,,,,,,,,,,,,,,,,,,,,,,,,,,72.4389267,77.52809143,77.16560364,76.02825165,84.29618073,91.39723969,90.09181976,90.15966797,87.60030365,91.48117828,89.38321686,89.26759338,86.51412201,86.36253357
BLR,Belarus,,,,,,,,,,,,,,,,,,,,,,,,90.1547699,91.55766296,90.19206238,86.73802948,90.2350235,,96.59622955,101.8705597,106.2275696,128.9508972,102.7117615,101.2712021,99.75019073,98.7065506,97.52049255,93.10449219,,,97.50743103,96.38391113,93.74417877,93.21077728,92.90505219,94.20340729,94.43546295,96.18945313,97.98148346,94.54467773,92.68389893,91.02303314,91.6238327
BLZ,Belize,,,,,,,,,,,,,,,,,,,,,,,94.04154968,,,92.59941101,98.53587341,,,96.18917847,96.49181366,103.4109497,,101.3992462,100.7031479,102.170639,99.91230774,105.8033218,98.34117126,102.4344635,97.6375885,103.9134903,109.4514618,103.2650909,102.8333817,105.0754776,105.9806671,102.4538269,104.1733475,103.0270309,105.125412,111.1523132,103.9843979,92.7203064
BMU,Bermuda,,,,,,86.02793884,,,,,,,,,,,,,,,,,,,,,,,,,,103.3942566,108.6075897,106.4267426,,,,,,,,97.93509674,91.76470947,111.0062866,,,,,,,,,,
BOL,Bolivia,,,,,,,,,,,,,,,,,,,,,,,,,,,,,,,,,,,,,,,,,97.81828308,97.7385025,98.74069977,95.99178314,91.86830139,89.00408936,89.74640656,90.79193878,93.56347656,90.85948944,92.42285919,,96.91931152,96.31253052
BRA,Brazil,,83.24783325,65.23973083,68.11290741,70.5118103,,,,,,,,,,,,,,,,,,,,,,,,,,,,,,,,,,,,,,,,,,,,,,,,,
BRB,Barbados,,,,,,,,,,,,,,,,,,,,,,,,,,,,,,96.69638062,95.95404816,102.705307,101.0184326,107.1571579,99.52755737,99.78105927,97.4972229,97.01986694,97.98255157,98.48155975,97.37967682,97.10830688,,,,,,,88.61607361,84.51303864,97.32247162,101.801239,89.81012726,97.93814087
BRN,Brunei Darussalam,,,99.89076996,99.41921997,107.5608521,90.81580353,104.7034836,102.1938782,109.1370621,103.3965988,93.3068924,101.7786636,85.28015137,94.36813354,60.90908813,,144.8634644,,,,,,,,,,,89.78912354,94.75994873,97.70491791,98.21917725,102.4033127,103.002243,107.6093063,105.0314484,105.8772888,105.0187531,105.0359726,104.5335693,104.0250397,107.1707153,108.8363953,103.6843643,104.5562134,97.61694336,100.2087097,103.9570541,102.3698196,102.7795334,95.63832855,100.3813171,,,97.70045471
BTN,Bhutan,,,,,,,,,4.516129971,5.120820045,,,,,,,,,,,,,,21.0289402,25.83025932,,,,44.75891113,50.15317154,51.52413177,51.08547974,,,,,72.1827774,,84.38340759,88.64074707,98.94661713,99.05095673,107.0605392,102.0493622,103.0716171,100.4123993,102.0382309,99.60579681,89.48432922,82.08126831,89.99532318,97.09590149,86.86739349,
BWA,Botswana,44.67975998,51.72113037,59.29853821,,,,,,,79.3000412,,92.70970154,95.9628067,87.16977692,87.46154022,95.07705688,104.3218994,105.0143204,98.94425964,96.36676788,96.22131348,95.70710754,95.18991089,93.61029816,98.52947998,94.68612671,96.45821381,,93.62077332,90.90989685,90.19914246,93.4828186,94.52465057,95.13704681,95.16607666,95.54673767,97.5789032,92.88526917,95.38864899,97.63288879,,,98.46147156,97.11840057,71.60997009,,,,,,,,93.38295746,
CAF,Central African Republic,,9.39964962,10.99991989,13.12539005,12.29129982,14.54498959,15.76270962,,16.60549927,,,16.48747063,16.47299004,14.78514957,,,27.76563072,20.9551506,22.11631966,20.53206062,19.8763504,20.11231041,15.54566002,,,,,,,,,,,,15.86814022,17.61548996,18.2165699,,23.4958992,25.98863983,26.52544975,28.67602921,30.33832932,,,,29.87652969,40.07559967,,,,,,
CAN,Canada,,,,,,,,,,,,,,,,,,,,,,,,,,,,,95.15072632,97.71604156,98.28395844,,,,,,,,,,,,,,,,,,,,,,,
CEB,Central Europe and the Baltics,,,,,,,,,,,,,,,,,,,,95.07141876,94.84249878,92.96431732,92.806633,93.51248932,93.69915771,92.54376984,94.4050827,95.69644928,96.08167267,97.33869171,97.57215118,100.1980972,99.77539063,98.90245056,98.81833649,98.72561646,98.82357788,97.96212769,96.93022156,97.40776062,97.98961639,97.85653687,96.83322144,96.59828949,96.44158936,97.68348694,97.08986664,99.18028259,93.99269867,93.8429184,94.57459259,95.13237762,95.36519623,95.39653778
CHE,Switzerland,,,,,,,,51.33694839,59.25688171,57.48003006,57.02313995,54.43891907,54.26140976,54.66279984,53.50326157,52.78181839,52.55373001,51.9865799,51.85063171,52.11027145,51.85942078,53.1466217,54.45964813,57.86117935,60.56135941,,73.51754761,,,96.71009064,98.77063751,96.38945007,97.58953094,96.7873764,98.15341187,96.38204956,98.15379333,97.4160614,98.22434235,97.9227066,98.73095703,97.71183014,97.71231842,94.72782898,97.36183929,97.54860687,95.21208191,97.26782227,95.40341949,94.65081024,95.24658966,96.39420319,95.53803253,
CHI,Channel Islands,,,,,,,,,,,,,,,,,,,,,,,,,,,,,,,,,,,,,,,,,,,,,,,,,,,,,,
CHL,Chile,80.5934906,88.60887909,93.19286346,94.91181183,93.10096741,92.98094177,94.39874268,90.93920135,,,,,,97.31214142,,,,,,,,,,,,,,,,,,,,,,,,,,,,95.18894958,97.52182007,96.61045837,98.18723297,97.63349152,97.82639313,97.52880859,97.68946838,96.95401001,97.54086304,97.72306061,98.81352997,
CHN,China,,,,,,,,,,,,,,,,,,,,,,,,,,,90.08273315,91.51387787,,,,,,,,,92.97093964,97.07640076,105.7248611,106.3239288,105.377182,,,,,,,,,,,,,
CIV,Cote d'Ivoire,,,,20.8574791,21.32300949,,27.68024063,30.27589035,32.19879913,34.16186905,37.63990021,42.30617905,,41.82749939,40.74983978,36.81373978,35.78852844,36.54642868,34.05836868,31.57868004,29.57538986,30.84186935,29.01984024,30.42328072,31.73119926,31.1339798,32.73854065,31.55104065,34.02779007,,33.3517189,37.49803162,,,,,32.59949875,35.83858109,,37.3548584,,46.70682144,45.87084961,46.2720108,47.5472908,53.07746887,56.68508148,61.94672012,65.80007935,70.67089081,73.65033722,72.14321899,68.16448212,80.13632202
CMR,Cameroon,,,,37.85939026,37.89030838,39.942379,41.71191025,43.09173965,52.67815018,44.96955872,44.52426147,45.00799179,44.51950836,45.17697906,47.09067154,48.78876114,49.36389923,51.10688019,49.86164856,,54.5164299,51.12942886,,,,,,,,44.63774872,46.67300034,,,52.41371918,53.62779999,,47.04850006,49.4822998,64.89874268,64.77655792,66.53269958,65.24880219,69.43608093,,68.92054749,70.24404907,69.17323303,64.43132782,60.90401077,62.00592041,62.96552277,65.14958191,66.20838928,68.16094208
COD,"Congo, Dem. Rep.",,21.32616997,23.24691963,,,,34.22750092,37.49948883,40.79772186,,42.09429169,45.07178879,46.57218933,49.86402893,53.62543869,,,,35.51295853,,,37.93606186,35.16450119,44.35491943,36.80524063,,,,,30.6467495,,,32.33295822,,,,,39.93909836,44.63748169,47.90740967,51.76055145,52.03203964,57.43621063,59.70970154,58.99211502,67.47125244,,,,,74.74075317,79.18981934,,74.14520264
COG,"Congo, Rep.",,,45.28789139,53.60923004,43.65398026,52.74370956,56.54983902,58.72943115,60.16051102,66.51019287,68.58512115,69.36446381,69.93805695,68.41960144,70.68080902,70.80787659,72.22424316,72.93625641,72.81468201,67.12876892,59.48934937,51.34616852,63.48368073,63.2285881,53.75220108,,47.79161835,,,30.49501038,,53.71718979,55.87585831,51.74021149,73.24034882,64.77454376,69.61715698,69.71494293,65.37844086,64.5377121,65.7303772,73.91236115,76.59117889,,,74.39328766,,,66.02635193,,,,,71.71734619
COL,Colombia,37.24958038,55.79848099,57.09886169,60.84383011,62.06991959,,,,,,,,76.68477631,79.74241638,79.87490845,75.35093689,73.990448,78.36869049,77.63275909,76.83387756,88.95379639,79.06764984,90.96819305,88.75218964,87.12763977,90.93031311,91.77261353,,97.25240326,98.86599731,101.6422577,,98.6187973,,105.7508087,108.8201675,114.7026978,116.7642593,116.2831573,121.8910904,121.2884064,118.8166809,113.0773163,102.9589615,102.1743164,101.969101,102.6967773,106.4834595,105.1900635,103.1868591,99.61083984,98.27411652,96.75051117,
COM,Comoros,,,,,,,,,,,,,,,,,49.86790848,43.57662964,,,,,38.2915802,,,,,,,44.7578392,,,52.13563156,51.32720184,57.13381958,,,57.41603851,60.05892944,,,,,77.36553192,84.20927429,,,81.8561554,,,,,,
CPV,Cabo Verde,,,,,13.70398998,15.47315025,,16.42074966,13.99254036,14.99195004,14.50520039,23.9115696,22.43457985,18.25469971,27.57276917,27.71414948,32.02376175,35.5812912,40.55268097,,50.80627823,,,,62.12995911,,,,96.99395752,,103.9936905,98.48245239,99.22628021,101.0539627,96.29918671,84.22855377,95.45384216,90.49520874,98.50572968,93.35170746,95.71504211,91.82267761,92.20217133,89.43517303,91.64591217,95.67308044,89.83731842,84.84562683,84.18605042,92.41404724,85.19568634,87.14806366,,
CRI,Costa Rica,76.60012817,77.65547943,87.53717804,90.9197464,89.57054901,89.32398987,83.73349762,91.37259674,88.57936096,85.11721802,86.84707642,88.27111816,88.09317017,,,77.2915802,78.01599121,75.89248657,76.71399689,76.46009064,,79.98641205,82.5402298,84.08307648,82.98587799,81.45410156,84.0120697,,,86.2701416,92.09380341,92.68778229,96.66475677,,96.45816803,95.90795135,91.45536804,93.42150879,96.40991974,99.1332016,99.66850281,99.85587311,96.97009277,96.06230927,99.69017792,95.10865021,95.30455017,95.48803711,96.12445831,96.91593933,97.41429901,98.40249634,100.887619,
CSS,Caribbean small states,,,,,,94.15551758,93.62303925,95.53119659,95.11475372,96.01516724,93.73828125,95.75994873,97.21118164,95.9890213,95.18286896,92.1355896,92.58586884,93.47989655,95.02420044,95.3964386,95.03469086,94.01728821,93.21292114,91.89659882,90.65071869,89.33016968,89.8635025,88.89060974,89.80341339,90.64807892,89.67945862,85.24994659,88.31804657,86.7932663,88.36711884,90.09256744,90.6378479,90.1279068,89.68447113,89.99382019,90.63652039,92.18003845,99.13784027,95.74204254,93.80269623,92.56218719,91.13693237,91.10675049,88.97775269,90.80763245,86.41233826,87.69458008,87.85501099,87.62690735
CUB,Cuba,,63.04294968,60.35089874,,,,,,,,,,,,,,,,,,,,,,,,,,,99.23091888,99.03157806,97.08586884,99.95052338,97.06616211,95.84986877,96.61296844,96.4385376,97.90550995,92.66890717,97.92858887,96.35389709,95.29415131,92.38722992,91.75026703,96.48267365,96.27954865,95.52271271,96.27646637,91.51267242,91.3215332,94.82398987,97.16995239,93.38551331,93.2537384
CUW,Curacao,,,,,,,,,,,,,,,,,,,,,,,,,,,,,,,,,,,,,,,,,,,,,,,,,,,,,,
CYM,Cayman Islands,,,,,,,,,,,,,,,,,,,,,,,,,,,,,,107.4418564,102.9787216,100.398407,108.2089615,,92.55319214,105.0359726,89.37728882,111.9565201,93.57142639,,,105.3968277,106.790123,105.3511734,,,,,126.5233002,112.0879135,,110.9467468,91.81585693,86.56388092
CYP,Cyprus,,,,,,,,,,,,,,,,,,,,,,,,,,,,,,,97.27323151,98.57837677,100.9027634,102.7524719,86.37943268,98.529953,99.53201294,98.10314178,97.71961212,99.85774994,100.8589172,101.5515671,99.69033051,97.85682678,100.0972137,97.79705048,98.93182373,101.156868,101.8606796,102.1251984,99.40184021,100.7490616,100.1432419,
CZE,Czechia,,,,,,,,,,,,,,,,,,,,,,,,97.40213776,100.8830032,,107.2741776,,,99.42823792,101.9009094,97.82536316,102.5325775,100.5804672,100.1448364,106.7384491,104.3170624,105.084053,101.0491104,100.7894669,101.8599396,100.8088531,98.97106171,99.25843048,99.55545807,97.42697144,97.97286987,97.31559753,93.38730621,96.51489258,96.58863068,101.5925293,102.6768723,
DEU,Germany,,,,,,,,,,,,,,,,,,,,,,,,100.8821106,99.95902252,100.2549515,99.22917938,99.71875763,,100.1423492,99.05393982,107.0272903,103.3883667,102.0694885,102.8371277,101.0421371,99.68686676,102.2233429,102.8039474,104.0055618,101.133728,103.6364365,102.0554504,101.8032074,99.2480011,101.8701096,100.0956879,97.64916992,98.74008179,99.93087769,98.48719025,101.0210114,98.00009918,
DJI,Djibouti,,,,,,,,,,,,,,,,,,,,,,,,,,,,,,,,,,,,,,,,,,,,,,,,,,,,,,
DMA,Dominica,,,,,,,,,,,,,,,,,,,135.40802,,,,,,,,,,,119.8601379,109.9715118,113.1693192,105.4172821,99.85379791,106.9970779,111.7647095,99.40476227,101.6949234,97.59230042,91.20134735,87.52197266,99.6569519,96.75213623,93.49736023,101.7013168,100,103.4416809,,,87.52399445,,82.85713959,85.30020905,85.7142868
DNK,Denmark,,98.84191132,94.99408722,97.13627625,96.03965759,,,,,,,98.16391754,99.06079102,99.53677368,98.59394073,99.67366791,98.42008209,98.77828217,99.44509125,99.5359726,99.92150879,99.318367,98.61228943,100.4957962,100.7578278,,,,100.6324692,100.1068268,100,99.47544098,102.6814804,,100.0641479,98.85373688,103.7313004,100,99.55528259,98.78327179,99.54801941,101.0717392,99.76690674,99.30211639,100.1812668,99.76461792,100.8933182,101.1025925,99.62641907,100.5293121,99.65747833,99.54445648,99.57296753,
DOM,Dominican Republic,,35.59241867,,,,,,,,,,,,,,,,,,,,,,,,,,,,77.17711639,82.58049774,,95.9025116,,90.48750305,,89.33769226,95.24304962,,93.82454681,92.16488647,94.00673676,94.57364655,94.81555176,94.84764099,97.91731262,96.99230957,95.02313232,93.24401093,93.38847351,96.90383911,88.98847198,90.12213135,85.92904663
DZA,Algeria,,,30.40756035,31.72723961,32.81954956,38.51087952,45.31814957,48.48411942,50.58877182,51.13983917,52.06132126,54.66992188,58.36912918,60.79610825,64.16387939,75.34706116,63.79589081,66.94577789,70.79708862,73.97006989,72.9720993,73.12499237,74.66336823,73.67931366,72.81359863,74.79416656,78.07466888,80.45973206,,83.15971375,82.47750854,89.62973022,92.68789673,94.50122833,97.17997742,98.57514191,86.94793701,99.31329346,110.7630768,97.57032776,97.66573334,97.44474792,99.44114685,101.9750137,101.7765274,98.41851044,100.8515472,102.8029175,103.5242767,100.2915802,102.2139206,99.59355927,96.09036255,100.7251129
EAP,East Asia & Pacific (excluding high income),,,,,,,,,,,,,,,,,,,,,,,,,,92.36727905,89.61559296,90.45076752,92.13345337,93.72183228,95.81066132,97.96640778,96.86205292,96.24363708,95.42121887,94.96595001,94.13954163,96.84001923,102.0542526,102.7359772,102.5218582,101.3151093,99.17932129,99.76737213,96.14063263,94.28785706,96.33602142,98.01204681,99.35166931,98.51692963,96.44950867,98.20726013,98.22366333,
EAR,Early-demographic dividend,41.16820908,41.30001831,41.63972092,42.35731888,42.7228508,43.60377121,44.57415009,45.77751923,46.54001999,47.69981003,49.26192093,50.89831161,52.74227905,54.51340866,56.82559967,59.12746048,60.57110977,61.44401932,62.62524033,63.25065994,63.90056992,64.55953979,65.61308289,66.65667725,67.78948212,68.83335114,68.73744965,68.42887115,68.57707977,68.57124329,70.07465363,73.28948975,74.59867859,78.31096649,80.56256104,83.18238831,84.19734955,86.24871063,88.04360199,89.52075195,89.84751892,89.66168213,91.49182892,91.55576324,92.48664093,92.7596283,93.46095276,92.40582275,91.94329071,92.08245087,93.18678284,93.50713348,99.16751862,91.10772705
EAS,East Asia & Pacific,,,,,,,,,,,,,,,,,,,,,,,,,,93.31513214,90.64176178,91.31123352,92.80679321,94.19078064,96.18917084,98.20760345,97.08004761,96.65467072,95.89418793,95.45231628,94.70419312,97.23944855,102.027771,102.7089005,102.5365219,101.3433685,99.4486084,100.0619736,96.55062103,94.84026337,96.76204681,98.25395966,99.44613647,98.72537231,96.83248901,98.45732117,98.3957901,
ECA,Europe & Central Asia (excluding high income),,,,,,,,,,,,,,,,,,,,,,,96.05431366,93.7407074,93.66947937,93.00523376,92.58640289,92.45787811,93.33425903,94.29566956,94.72773743,96.47306824,97.86099243,97.1609726,99.04492188,101.8763885,98.12484741,97.71864319,97.48908997,97.9850235,97.52211761,99.70323181,98.54134369,98.60320282,98.33229065,96.99967957,110.8928528,95.53961945,94.1039505,96.3219986,98.14350128,98.51222992,98.09626007,97.88304138
ECS,Europe & Central Asia,,,,,,,,,,,,,,,,,,,,,,,96.04004669,95.43718719,95.44862366,94.9701004,95.24816132,95.59378815,96.17558289,96.89968872,96.42482758,98.45020294,98.53343201,97.78610229,98.28942871,98.82511902,97.55535126,97.60469818,97.9078598,97.69087982,97.25852203,97.75093079,97.77818298,97.59190369,97.38014984,97.59081268,101.4980927,96.93676758,96.16015625,97.21704102,97.73193359,98.1619873,97.8527298,97.79950714
ECU,Ecuador,,51.7356987,51.91102982,55.11104965,56.98765945,60.90182877,65.1144104,67.15406036,67.11167908,70.13941956,73.31552887,,,,,,,88.61430359,91.7767334,,,,,,91.63739014,89.61631775,89.17500305,92.35710144,,94.75086212,94.6711731,95.01358795,93.88477325,93.30075836,92.9491806,97.22618866,96.75,97.45519257,,97.35572052,102.589241,106.1472473,106.0381775,104.8177185,106.4160309,99.74707794,97.23394012,99.73966217,99.06268311,96.39037323,95.78063202,94.70496368,100.7472305,101.4549103
EGY,Egypt,,41.44372177,38.91122818,41.30395889,43.58219147,45.18442917,46.60477829,47.01810837,36.79687119,23.77475929,37.03174973,44.36146927,,,,,60.96099854,,,,,,,,,,,80.67273712,,87.42829132,86.76283264,85.37671661,86.02451324,82.73919678,84.14230347,83.56535339,81.60558319,85.18692017,,88.1973114,89.60163879,,,92.10447693,,,87.86392212,87.04849243,90.82488251,93.0458374,96.92626953,97.4683609,,
EMU,Euro area,95.73455811,95.79464722,96.67342377,96.98635101,97.08470154,98.20787048,97.6518631,98.04418945,98.4803772,98.17910004,98.34422302,98.14453125,98.04620361,97.96607208,98.86065674,99.03340149,99.22527313,98.58937073,99.20279694,98.78421783,99.50202942,98.99472046,99.59916687,99.8106308,99.84387207,99.20359802,99.15116119,99.14894867,99.14665222,99.18235016,97.80088043,99.73139954,98.46762848,98.22396851,98.84042358,98.42339325,98.03842926,98.73536682,99.18782043,98.66545868,98.13504791,98.16000366,97.55184174,97.53848267,97.01114655,97.48531342,96.87500763,96.90239716,96.77172089,97.21086884,96.92491913,97.53585052,96.83133698,96.83776093
ERI,Eritrea,,,,,,,,,,,,,,,,,,,,,,,,,26.75278091,33.07712173,42.02260971,46.17697144,,48.12070084,52.20824814,53.8155899,48.39326096,51.84848022,55.03771973,69.92572021,62.93526077,62.28998184,56.53128052,60.93368912,52.99570084,52.24142838,49.11180878,48.56011963,52.06000137,52.77627182,,59.20619965,57.88436127,54.35538483,,,51.5567894,
ESP,Spain,,,,,,,,,,,,101.2136688,100.4915695,100.093689,103.7727966,103.4899292,102.7016373,101.95224,106.8841171,103.3694916,103.4045792,,,103.7841568,104.6938705,,,,,,,,,,100.5344086,,99.89315033,99.83841705,99.1563797,98.57272339,99.07923889,96.6780014,97.06316376,96.70150757,96.69548798,96.24931335,95.28410339,97.18374634,96.25910187,97.23818207,96.53620148,99.13893127,98.6965332,
EST,Estonia,,,,,,,,,,,,,,,,,,,,,,,,,,80.11003113,87.64189911,,89.69494629,95.38744354,99.06954193,102.1890106,102.2529602,104.1063766,106.0190735,102.5092697,102.4782562,101.3373871,101.9488831,100.1298676,100.5043488,100.1788864,98.03410339,97.97319794,99.0068512,96.44371796,98.17476654,95.99571991,96.81269073,97.15647125,95.94140625,98.19702148,98.25756836,
ETH,Ethiopia,,,,,,,,,,,,,11.01488018,,,,,19.31233025,18.31531906,17.54862976,,,,,12.34747028,12.00969982,12.84039974,,,13.99057961,15.28050041,18.9281292,21.55384064,24.25984955,27.48961067,34.7656517,40.68595886,41.58433151,45.54074097,49.74251938,55.81742859,50.98561859,51.41210556,,52.49732208,52.04236603,,,,,61.93852615,,60.88876724,55.44070053
EUU,European Union,95.9330368,95.96906281,96.57023621,96.77794647,,,97.40203094,97.74080658,,,97.83628845,97.22242737,97.27957153,97.18917847,98.09204865,98.1679306,98.11480713,97.80348206,98.22550964,98.00859833,98.46898651,97.54276276,97.93403625,98.45359039,98.55606842,97.67962646,98.10202026,98.39040375,98.41767883,98.72982025,97.75988007,99.82353973,98.86525726,98.39022064,98.698349,98.44103241,98.28794098,98.54485321,98.68145752,98.41854095,98.12463379,98.11209869,97.45729065,97.39636993,96.97663879,97.61341095,97.05345154,97.52575684,96.25247955,96.52484131,96.4083786,97.11669159,96.59114075,96.60368347
FCS,Fragile and conflict affected situations,,,,45.66527939,45.54888916,45.97983932,46.44015121,47.17190933,48.02859879,48.25733185,48.95981979,49.92287827,50.61315918,51.08446121,52.16222,52.48696899,53.12593842,52.68492889,52.57490158,52.90550995,53.49803925,54.04502106,53.4819603,53.8193512,52.95135117,52.61341095,52.82149124,52.33150864,52.01929092,51.65776825,52.15520859,53.05567932,53.8327713,55.0872612,56.14160919,58.63190079,60.60639191,59.55064011,59.68981934,61.82997894,63.627491,63.32862854,64.10595703,63.72600937,64.43493652,64.78468323,65.41072083,65.73529053,66.22663116,66.61385345,67.11903381,67.88623047,67.58371735,
FIN,Finland,,,,,,,,,,,,,,,,,,99.40939331,99.53240204,99.5533905,99.78848267,99.20886993,99.86405182,99.56906128,99.29322052,99.44664764,100.1655731,,99.70324707,99.25289154,99.82568359,99.28124237,98.89441681,98.89610291,99.24729156,98.90763092,99.40290833,98.97277069,98.85469055,99.44039154,98.91132355,99.28196716,98.76145172,98.98117828,99.02719879,99.49658966,99.16496277,99.20574951,99.5932312,99.36932373,98.90402985,99.42997742,98.13083649,
FJI,Fiji,,,,,,,,,,,95.8137207,94.86235809,,93.52828979,93.01455688,97.29730225,97.92060089,,,,,,96.91988373,,97.34191895,98.62184143,96.72441101,96.66950226,101.0789032,93.68978882,89.11193848,93.71710968,96.98130035,,98.31671906,,98.43093109,,93.01180267,93.73755646,,93.93611908,96.06166077,94.31750488,94.73871613,98.36911774,96.81335449,98.71779633,99.56925964,98.79734802,96.49797058,109.8233643,107.7766266,110.442894
FRA,France,,97.25589752,96.18424988,,,,,,,,,,,,,,,,,,,,,,,,,,,,,,,,,,,,,,,,,,,,,,,,,,,
FRO,Faroe Islands,,,,,,,,,,,,,,,,,,,,,,,,,,,,,,,,,,,,,,,,,,,,,,,,,,,,,,
FSM,"Micronesia, Fed. Sts.",,,,,,,,,,,,,,,,,,,,,,,,,,,,,,,,,,,,,,,,,,,,94.75494385,92.68292999,86.68300629,85.25,82.69537354,89.72659302,85.99656677,80.948349,84.69809723,90.13961792,
GAB,Gabon,,,48.06744003,46.77344894,,70.99855042,71.68538666,67.81297302,67.0300827,73.43949127,71.95121765,73.77010345,75.80552673,76.93241119,66.80101776,,,62.60752869,61.72874069,61.73167038,,,58.133461,,,61.00484848,63.27452087,64.36634064,,,,,70.29608154,68.54058838,,,,,,,,,,,,,,,,74.6496582,,82.35997009,,
GBR,United Kingdom,,,,,,,,,,,,,,,,,,,,,,,,,,,,,,,,,,,,,,,,,,,,,,98.92196655,98.59361267,98.51670074,98.46772003,100.1997986,99.59815216,99.40429688,99.87992859,
GEO,Georgia,,,,,,,,,,,,,,,,,,,,,,,,,,,,,,,98.4524765,104.3798981,108.4599686,100.0327072,106.0833817,97.95491028,,,106.6823502,107.5010376,109.3639984,,104.5513,107.3350601,106.0028763,105.2557602,118.2260437,118.98452,101.3445282,97.80930328,92.75920868,87.30232239,110.6951675,105.9841995
GHA,Ghana,,52.12150955,46.50862885,,41.84057999,42.42337036,44.2259407,45.86869049,47.17229843,48.08121872,50.48228073,52.96738052,,,,,,,,,,49.92419052,51.42900848,,,,,,,56.8274498,60.3326683,58.41004181,60.1164093,65.63345337,59.47307968,68.00173187,67.10868073,72.57102203,79.49852753,79.18092346,,84.51805878,100.1329269,89.31764221,87.48475647,92.36077881,,86.69114685,87.85752106,,,,91.75026703,
GIB,Gibraltar,,,,,,,,,,,,,,,,,,,,,,,,,,,,,,,,,,,,,,,,,,,,,,,109.4059372,124.2774582,,127.8074875,142.9347839,123.6966782,148.5029907,140.1129913
GIN,Guinea,,,,,,,,,,,,,,,10.19087029,8.922039986,8.522060394,7.709750175,5.99917984,6.094850063,8.43239975,8.71778965,8.679969788,9.787549973,10.76860046,10.11071968,,,14.5213604,17.00630951,20.02103996,22.35602951,26.18884087,28.67458916,36.98926163,42.64854813,47.88602829,49.20159912,43.16421127,48.04130936,46.90467834,53.54940414,55.13534164,55.99132156,57.98414993,54.06138611,53.94121933,48.10889435,48.92953873,49.77421951,53.63743973,56.36870193,,
GMB,"Gambia, The",,9.886870384,10.78942966,10.6035099,10.76809025,12.69050026,11.53316975,9.21323967,13.25137043,12.87938976,14.13251972,14.64043999,15.99952984,17.41950035,21.07847977,23.40737915,26.1126709,28.70298958,,26.34095001,,,28.00943947,28.01755905,26.37820053,30.00951958,36.9753418,33.32495117,,53.092659,53.41942978,55.04666901,53.67805862,58.34481049,58.45795822,57.71751022,57.01259995,65.08973694,72.91020966,,64.05722046,59.98455429,60.5372467,62.22333527,62.33921051,63.04679108,63.21767426,,,73.1986084,77.74110413,80.32656097,81.84919739,82.62194824
GNB,Guinea-Bissau,,,,,,,,,,6.928989887,3.863579988,7.128039837,7.483560085,6.685319901,7.567210197,,,5.638360023,3.871819973,,,,,,,,,,,,19.96200943,,,,,,,,,,56.20576859,,,,,,,,,,,,,
GNQ,Equatorial Guinea,,,,,,,,,,,,,,,,,,,,,,,,,35.66434097,,,,,,32.28760147,,,22.66403961,,31.96125984,,,30.43478012,33.56309128,37.10726166,37.48625183,40.19572067,,,40.79513931,,,,,,,,
GRC,Greece,,105.6199036,106.6465988,102.8824005,99.4210434,100.1958771,100.1179504,102.6459427,103.8681335,103.1316299,101.9325104,101.6048203,96.9002533,99.05906677,100.0324783,101.2283325,103.6324997,96.73161316,98.71437073,98.51973724,,,93.97947693,,,,,,,,,,,,94.1504364,98.55162048,98.55207825,98.5488205,,,97.25280762,94.97698975,97.28469849,94.26979065,95.28778839,96.93199921,98.27407074,97.7203064,97.07003784,97.9764328,97.74794769,95.78269196,99.25086212,
GRD,Grenada,,,,,,,,,85.62644196,87.23916626,,,,95.83332825,87.52108002,,,,,,,,,,,,,,,91.47058868,,,89.09803772,102.3217163,,104.9405289,,103.7475281,112.2469635,119.9584198,108.5533295,,,97.38407135,,,92.30769348,,106.3263016,,,82.27979279,,
GRL,Greenland,,,,,,,,,,,,,,,,,,,,,,,,,,,,,,,,,,,,,,,,,,,,,,,,,,,,,,
GTM,Guatemala,,,,,,,28.30903053,28.54759979,29.57164955,,,,,,,,,,,,,,,,,,42.28678894,,,46.13209915,49.93574142,52.01274109,56.12174988,,63.29327011,67.42537689,70.99243927,71.86447906,74.85839844,80.19532013,81.54714966,84.61521912,85.30490112,85.42205811,84.65496063,83.78788757,80.94998932,80.7756424,80.65760803,80.15650177,81.35460663,87.5968399,87.240448,87.43997955
GUM,Guam,,,,,,,,,,,,,,,,,,,,,,,,,,,,,,,,,,,,,,,,,,,,,,,,,,,,,,
GUY,Guyana,,95.16175079,93.15631866,86.05998993,82.59407043,,77.59268951,85.03395081,83.81719971,83.7468338,80.96643066,,90.38127899,,,,,90.16973877,,,,,95.19075012,96.82351685,,83.06591034,90.50885773,88.65115356,,96.83653259,100.3991318,78.92185974,,69.58287811,,97.61930847,99.10575867,99.37535095,98.95465851,103.0708389,97.7519989,103.9747391,104.5911789,,,,,,,,,,,
HIC,High income,,,,,,,,,,94.49075317,96.2495575,96.19521332,95.87291718,95.83091736,96.47496033,96.39038849,96.72921753,96.9434433,96.74881744,96.21607208,96.63539124,96.1178894,96.55420685,96.63349915,97.03279877,97.08040619,97.31027222,97.54579926,97.78811646,98.06920624,97.72598267,98.82389069,98.3525238,98.24262238,98.15791321,97.82936859,97.83241272,98.09010315,98.20555115,98.45760345,98.73628235,98.63893127,99.31304932,98.26802826,98.02217102,98.26937103,97.76751709,98.00077057,97.2006073,99.51567078,98.96308899,98.79252625,97.72147369,97.97276306
HKG,"Hong Kong SAR, China",,,,,,,,,,,102.6200638,101.374382,100.2818604,99.45570374,100.2037888,100.7704468,,,,,,,,,,,,,,,,,,103.4722214,99.16989899,99.41687012,100.0911407,98.09523773,95.07813263,94.34783173,100.7980804,101.6097565,102.1903076,111.7883835,101.1843109,93.30451202,93.37786102,110.7017517,92.42160034,96.45578003,103.8718872,118.5924377,98.85455322,
HND,Honduras,,,,,,,,,,,48.10274124,,52.00870895,,55.81523895,,,,,,,58.04362869,67.37835693,69.65650177,71.36393738,67.17214966,72.11192322,72.23451233,66.97151947,,,,,79.34635162,,79.15994263,84.55828857,,83.79666138,85.21392822,88.38118744,89.11660767,88.14827728,81.37622833,77.07630157,,79.18463898,80.48169708,,79.40875244,79.86901855,75.09420013,72.01583862,77.74801636
HPC,Heavily indebted poor countries (HIPC),,25.18045044,25.39006042,25.8434391,26.20363045,27.11277008,27.9471302,29.22036934,30.74423981,31.56806946,32.71831131,34.53628922,35.62142944,36.66490936,39.70409012,37.06307983,37.24264145,36.78279877,35.68695831,34.25740814,35.08602142,35.94831085,35.20246124,36.35155106,35.42438126,35.48199081,36.46334076,36.47496033,35.90024948,37.00091934,37.2421608,39.40684128,41.16757965,42.90388107,44.25725174,46.98662949,49.83150101,52.28697968,56.30718994,60.29711151,61.14569092,60.93244934,62.22256851,62.13422012,62.68471146,63.05664063,64.16149139,64.94490814,65.98001099,66.28118134,67.21980286,68.31575775,67.22615051,67.11138916
HRV,Croatia,,,,,,,,,,,,,,,,,,,,,,,,,,79.87117004,85.00398254,87.47840118,92.08895874,90.92133331,,101.7855682,98.54828644,101.8708496,,100.6657333,99.45442963,100.0163116,97.38015747,97.00235748,97.26988983,97.65503693,97.68643188,97.4907074,97.21085358,101.7652283,97.93575287,98.26796722,101.3852921,99.72857666,100.8078613,97.80294037,100.0162964,
HTI,Haiti,,,,,,,,,,25.41650009,25.88581085,,26.62072945,28.39114952,,31.19346046,32.67438889,34.76675034,,,,,,,,,,49.19670105,,,,,,,,,,,,,,,,,,,,,,,,,,
HUN,Hungary,,,,,,,97.56841278,101.1632614,101.6024704,95.46884918,97.46350861,94.42722321,96.3166275,97.1761322,105.0201721,100.7747421,92.21968079,94.46278381,93.08551025,92.54647064,92.20127869,,,,,,,94.90041351,99.33984375,97.66181946,98.65305328,96.89050293,97.89376831,97.97292328,99.2405777,96.68860626,99.17095184,97.14099884,99.92687225,98.50405121,98.95372772,97.11022186,97.70539093,97.82511139,98.35604095,98.52471161,97.10971069,99.66364288,98.85346222,93.17814636,92.90496063,93.41526031,97.54862213,
IBD,IBRD only,72.44957733,70.27165222,68.85891724,68.52121735,74.05580902,76.98908234,75.89807892,76.65609741,76.76396179,76.72561646,79.41548157,80.14723969,81.18321228,81.43598938,82.23339844,83.06049347,83.18238831,82.7858963,83.14016724,82.91532135,82.4421463,81.39579773,80.45506287,80.75325012,80.1661911,82.90460205,81.75209045,82.16200256,82.88617706,83.54608917,84.79818726,87.9829483,88.33582306,89.73605347,90.97261047,92.09134674,92.41616058,94.9896698,98.4380188,99.10025787,98.41873169,97.36308289,97.22428894,97.86165619,97.05819702,96.3971405,97.32559967,96.7598114,96.34200287,96.21681976,96.39942169,97.4163208,102.1262131,95.30895233
IBT,IDA & IBRD total,65.69068146,63.55482101,62.38932037,62.1074295,67.27348328,70.13574219,68.90944672,69.45530701,69.64994812,69.6448822,72.1491394,72.81806183,73.83434296,73.98388672,74.8411026,75.23422241,75.25730133,74.70332336,74.79344177,74.34863281,74.03903198,73.39318848,72.65511322,73.04103088,72.62976074,74.51174927,73.81459045,74.11165619,74.74476624,75.41309357,76.2648468,78.75299072,79.24662781,79.98442841,80.80738831,82.01747894,82.59351349,84.21582031,86.54956055,87.81488037,87.59147644,86.86701202,87.26812744,87.40512085,87.05473328,86.71543884,87.57711029,87.37718964,87.40763092,87.39256287,87.58473969,88.32121277,90.95774841,86.53623199
IDA,IDA total,,,,,,39.4641304,39.31707001,39.43375015,40.58047867,41.58491898,42.26393127,43.31829834,44.19092178,45.01105118,46.78329086,46.19713974,46.88685989,47.20600128,47.21527863,47.22637177,47.91387939,48.56800842,48.5782814,49.25516129,49.2527504,49.63138962,50.18983078,50.29140854,50.47877121,51.34556961,51.940979,53.18209076,54.19055939,55.25635147,56.06753159,58.33296967,60.22312164,60.37651825,61.0895195,64.22315979,65.56970978,66.05970764,67.60517883,67.31868744,68.18483734,68.81250763,69.77953339,70.60353851,71.62110901,71.96861267,72.27503204,72.64189148,,
IDB,IDA blend,,,,,,,,,,,,,,,,,,,,,,,,,,,,,,63.02735138,63.3057518,63.43354034,62.94932938,62.66923904,62.56396103,63.51749039,65.10572815,63.21559143,61.30207825,62.89873123,64.47669983,63.5591507,65.07910919,65.24427032,65.818367,66.22463226,66.62995148,66.98931885,67.92967987,69.06286621,69.22267914,,,
IDN,Indonesia,,,,,,,,,,,,,,,,,,,,,,,,,,96.94207001,96.35749054,94.70540619,,,,96.99521637,98.85150146,100.7149124,100.5105591,100.7613373,98.752388,100.1956863,99.48384094,101.5386429,98.28561401,104.5834579,110.7725372,108.7205353,106.4422913,106.0678329,107.5241776,105.2192535,103.9387589,104.2111969,102.3703079,102.0896149,101.5279465,100.7629929
IDX,IDA only,,,28.71805,29.3542099,29.51483917,30.0574894,29.73962021,29.75172043,31.15365982,31.90409088,32.86497879,34.27716064,35.39492035,36.49647141,38.96918106,37.97090912,38.8074913,39.09857178,39.03755188,38.92417908,39.87932968,40.96738815,40.96760178,41.91608047,41.8418808,42.3478508,43.25416183,43.4570694,43.82860184,45.26068878,46.06467056,47.84922028,49.6171608,51.44062042,52.74325943,55.69760132,57.73295975,58.93296051,60.98200989,64.89089966,66.11907196,67.32369995,68.8844223,68.36975098,69.38439941,70.12310791,71.37944031,72.45488739,73.52124786,73.47213745,73.86425781,74.44319916,73.41526794,
IMN,Isle of Man,,,,,,,,,,,,,,,,,,,,,,,,,,,,,,,,,,,,,,,,,,,,,,,,,,,,,,
IND,India,,27.51836014,,,29.20648003,,,,,,,,,,,,,50.39160156,51.85467911,,,,,,,63.11288834,,,,60.52122879,63.21115112,68.77796936,71.19304657,79.40779877,,,,,98.26245117,99.85877991,,96.01480865,,98.63304138,100.4024582,101.3430557,100.531929,99.60208893,,97.29286957,99.05014801,99.6446991,,93.64913177
INX,Not classified,,,,,,,,,,,,,,,,,,,,,,,,,,,,,,,,,,,,,,,,,,,,,,,,,,,,,,
IRL,Ireland,,,,,,,,,,,,,,,,,,,,,,,99.62026215,102.8617477,103.6485138,105.1865768,,,98.55631256,97.69889832,96.45503998,94.97606659,95.02439117,95.33374023,96.787117,95.54776764,,,,,,,,99.51770782,100.587059,99.31555939,100.4313431,99.41789246,97.20471954,102.4215469,99.87866974,99.20519257,98.0181427,
IRN,Iran,,35.36204147,,,,,,,,,,,,,,,,74.14002228,76.86563873,78.08239746,80.86084747,84.28637695,88.16008759,90.95165253,90.64122009,94.70744324,,93.91850281,,,92.3347702,94.62438202,91.66233063,86.88648224,103.806282,115.477478,103.4372787,102.2654037,105.5623093,107.2290878,106.146431,104.6190872,101.8757706,,,98.83699036,98.07367706,95.77467346,,92.41140747,97.42456818,,,
IRQ,Iraq,,23.0323391,23.79318047,24.07967949,20.93874931,24.86290932,26.57209969,35.62347031,40.80438995,,53.66764832,,,47.46691895,,56.44123077,55.56438828,52.13167191,57.31105042,53.47114944,,,,55.34730148,,,,,,50.09896088,48.70774078,,,,60.95780182,,,53.27223969,,,,,,,,,,,,,,,,
ISL,Iceland,,,,,,,,,,,,,,,,,,,,,,,,,,,,,98.97802734,98.57142639,99.53869629,98.55137634,98.68241882,98.64750671,98.53412628,98.74327087,98.63305664,98.8753891,99.16356659,98.2782135,99.23882294,99.00238037,99.20709229,99.02957153,98.24475861,99.2618103,99.80943298,98.89093781,98.41120911,99.63980103,98.14733124,98.49182892,99.23262787,
ISR,Israel,,,,,,,,,,,,,,,,,,,,,,,,,,,,,,,,,96.68901062,96.94274902,98.17906952,94.79528809,94.86614227,96.60861206,93.77950287,99.74571991,96.2973938,96.05774689,99.37901306,95.90608978,95.21894836,99.5506134,94.94671631,99.72335815,95.246521,94.46498108,99.25585175,95.21684265,95.19204712,
ITA,Italy,,94.1689682,100.0264282,100.9294662,100.3010101,104.7043533,102.4756775,103.1268082,102.3835831,101.8530426,103.4760437,101.2344589,100.5250168,100.2164764,99.93772888,99.62451172,100.0871811,99.8088913,100.7731628,100.8075409,103.9746475,101.5204086,102.3304062,,105.5435867,101.3420868,102.2286987,101.2976837,,101.0032425,101.3918381,101.4132385,99.86737061,100.1516113,102.5661926,102.2491837,101.8777008,102.6151505,105.560791,101.3320007,101.2315521,100.6379166,98.94946289,99.63214874,99.24002838,98.95825958,98.33863068,99.61377716,98.66256714,97.96859741,98.59683228,97.68512726,96.94191742,
JAM,Jamaica,,,,,,,91.03833008,90.53180695,,93.76805115,89.25340271,91.71970367,,,93.98123932,,,94.06472778,97.00208282,96.50794983,95.47667694,93.49833679,,88.66458893,,,,,,,83.69943237,79.88758087,88.25121307,,82.81626892,,,84.16123199,,82.04782104,88.36829376,88.01750946,105.1405716,98.81298828,93.43704224,90.77063751,87.44638824,90.58551788,84.97454834,89.60823059,74.86267853,,,80.18231964
JOR,Jordan,,,54.17861176,59.58187103,70.03645325,80.29691315,85.03559113,86.99105072,92.33168793,92.71681213,95.6530304,96.22075653,97.21395111,94.86251831,99.1366272,100.29702,,87.65512085,87.3137207,86.98696899,89.87805176,93.93012238,95.85014343,97.81651306,101.8328018,,98.19595337,,,92.97763062,89.00318909,,85.54348755,88.82791138,89.97724915,94.8951416,94.44847107,97.13922882,94.9107666,,,85.28251648,,89.20397186,94.46714783,,94.85382843,94.0446701,95.09342957,96.3266983,97.04518127,96.17066956,95.50611115,97.64256287
JPN,Japan,,103.450119,100.5853424,99.64203644,98.62911224,97.6014328,95.57395935,96.4063797,121.6625595,82.96640015,101.7661285,102.780571,100.024498,99.84455872,100.3701782,99.44747925,102.7036438,105.321022,104.0347366,103.4491577,104.2821274,105.4911194,105.5632782,,105.4095917,,,,107.4792023,104.634903,,,,,,,,,,,,,,,,,,,,,,,,
KAZ,Kazakhstan,,,,,,,,,,,,,,,,,,,,,,,,,98.00302124,94.56659698,,,,,92.57845306,93.48490906,94.73280334,95.63095093,101.5692368,101.2391815,98.94728088,98.69412994,102.2854614,99.80156708,101.3535385,107.2634048,102.4299927,101.683075,102.347168,100.4457779,98.80536652,99.81578827,102.1975327,98.57016754,100.0970383,96.8356781,103.7271042,105.608757
KEN,Kenya,36.18035126,38.73828888,41.80244064,43.91329956,,,,55.29143906,57.45986176,,76.34790039,76.66580963,,,,,,,,,,,,,,,,,,,,,,,84.30515289,86.52684784,,,,,,,,,99.80651855,102.0344772,102.5072861,,,,,,,
KGZ,Kyrgyz Republic,,,,,,,,,,,,,,,,,,,,,,,,,,,,,,87.3742981,87.93746948,87.19700623,87.2783432,86.19991302,91.76612854,97.12793732,96.69728851,93.68845367,94.47514343,97.31475067,95.82421112,95.217659,94.48524475,96.00380707,97.88175964,102.4248276,98.07486725,96.15500641,98.12221527,100.6037674,100.3773727,95.856987,93.65481567,92.29083252
KHM,Cambodia,,,,,,,,,,,,,,,,,,,,,,,,,,,,13.38708019,28.00634956,37.48934174,,48.04069138,57.47079086,64.97354126,78.69439697,91.8041687,96.96846008,98.25705719,95.70858765,98.14066315,89.45024872,89.49983215,95.9368515,90.94541168,94.89672089,94.45433044,92.81079102,91.68376923,91.33004761,96.01215363,99.22460938,98.97104645,93.73223114,92.6601944
KIR,Kiribati,,,,,,,,68.82640839,78.35549927,64.23358154,76.6009903,123.2616882,115.6992111,123.4246597,114.7308807,112.3919296,117.4351578,110.2418213,110.9266891,115.0666733,105.2699203,113.6645966,101.3667374,101.3559265,,107.9030609,117.5564728,122.8855667,,100.8341064,90.19248199,111.3924103,106.5647507,106.6430511,111.8421097,109.375,104.6808472,98.92295074,105.2125092,,,,,,106.087738,94,102.0960693,,,,94.51264191,98.25174713,102.8493881,105.8514099
KNA,St. Kitts and Nevis,,,,,,,,,,,,,,,,,,,,,,,106.1269073,,,,,,,,106.0869598,104.3383865,106.9506683,90.09217072,112.7058792,108.8516693,,101.2224884,93.90244293,107.2639236,102.1791763,113.2850189,111.8387909,117.4731216,111.9777222,116.6180801,110.0304031,,,,,130.0613556,,
KOR,"Korea, Rep.",,90.03430176,89.03311157,98.4486084,98.45462799,97.17768097,105.7719727,102.2814789,99.40258789,103.3920212,96.84850311,97.15444183,96.41309357,96.44740295,103.1671677,103.6275635,103.0797424,105.5388489,102.5874405,94.04184723,98.19097137,89.8290329,97.29190826,96.68791962,104.0825272,108.182251,,100.389473,98.53643799,99.89248657,101.4682617,99.70453644,95.22338104,100.6686401,100.6586914,98.87956238,98.80779266,100.3079834,99.41927338,101.7415237,101.7872925,97.58905029,101.6322784,104.3877182,97.57331085,100.2437973,103.4909821,97.73358154,96.427948,99.91236115,101.1700897,98.46749878,95.64100647,
KWT,Kuwait,,47.22863007,44.63748169,40.4444809,39.31327057,47.39587021,67.89939117,57.35892868,62.77804947,60.96722031,68.43582916,77.57804108,78.49342346,83.40798187,84.24620819,79.13671875,76.1432724,70.88327026,,,,,62.59709167,,82.78263855,78.94405365,90.2312088,85.7822876,,89.33100128,95.18987274,87.88687134,95.70716095,103.7341919,105.0395966,111.9344482,,109.5243301,,,101.9038773,101.6131516,96.85565186,96.52394104,,,,,,,,,,
LAC,Latin America & Caribbean (excluding high income),65.6894989,69.27165985,62.48889923,64.61212158,66.35848999,66.99881744,67.30175018,69.75025177,70.93454742,72.86782074,74.64541626,75.58358002,76.86448669,78.65348816,80.64386749,80.53740692,82.09976196,83.52895355,84.12326813,84.90062714,86.55355835,86.81465912,89.20503998,89.10089874,88.41761017,89.12870789,89.64998627,90.5192337,91.54532623,92.12270355,92.41895294,92.36566162,93.48589325,93.95487213,94.68431091,95.36306763,96.24088287,97.333992,97.48084259,97.94178009,98.49462128,98.43656921,99.31832886,99.0997467,99.40136719,97.90231323,97.61377716,96.93997192,95.96643066,95.78077698,96.24674988,96.68534851,96.44561005,96.6085434
LAO,Lao PDR,,,,,,,,,,,,,,,,,,,,,,,34.90642166,37.80131912,40.99369049,,48.69789124,51.08575058,56.44248962,61.8406601,61.29267883,62.38776016,64.01461029,64.39613342,65.50496674,69.14353943,71.67865753,74.66797638,77.03083801,78.17858887,81.8056488,86.40924072,90.70651245,96.58677673,99.18166351,99.89453888,98.50698853,100.1425171,97.30390167,93.19860077,90.25023651,90.62024689,89.10533905,90.47579956
LBN,Lebanon,,,,,,,,,,,,,,,,,,,,,,,,,,,,,69.90544891,,,,,,,,,,,,,,,,,,,,,,,,,69.67711639
LBR,Liberia,,,,,,,,,17.21525955,,,,,,,,,,,,,,,,,,,,,,,,,,,,57.55836868,,53.33509827,52.56975937,,57.93238449,,,52.76921844,,59.94974899,54.44177628,,,,59.66268539,59.35245895,
LBY,Libya,,22.66942978,46.22119904,47.13291168,56.79880905,73.74565887,67.98722076,77.79689789,80.93908691,80.88941193,79.94985199,87.39063263,,99.57685089,,,,,,,,,,,,,,,,,,,,,,,,,,,,,,,,,,,,,,,,
LCA,St. Lucia,,,,,,,,,,,,,,117.7627487,110.7296066,,,,,,107.6712265,96.77771759,,100.7127228,,,,,,,,,111.2817535,107.0616379,105.4545517,100.3656311,108.1558075,102.1263733,99.87522888,97.26026917,93.51535797,95.97045135,97.09262848,96.05168915,97.70467377,,89.88941956,89.43547821,89.8829422,91.08659363,95.87541962,,107.2866669,89.65516663
LCN,Latin America & Caribbean,66.55943298,70.06816864,64.29550934,66.44525146,67.97274017,68.62081146,68.97399139,71.06960297,72.13134003,73.86699677,75.63861084,76.60959625,77.95236206,79.56390381,81.27050781,81.19502258,82.59362793,83.90077209,84.43775177,85.21481323,86.7392807,87.09960175,89.41474915,89.27472687,88.5983429,89.1858902,89.63696289,90.41168976,91.34403992,91.8989563,92.24665833,92.22946167,93.54483795,93.82440186,94.52998352,95.2767868,96.24256897,97.35038757,97.33283234,97.73950195,98.10395813,98.16384888,99.09410095,98.87602997,99.18894196,97.74556732,97.30127716,96.47609711,95.79666138,95.76544952,96.376297,96.9974823,96.97756958,96.64411163
LDC,Least developed countries: UN classification,,,,25.65098,25.98829079,26.58115959,27.08654022,26.36927986,27.28031921,28.06550026,28.80006981,29.9265995,31.18635941,32.41709137,35.00772858,33.80529022,34.48347855,34.64125824,34.56847,34.3396492,35.4412384,36.5053215,36.32453156,37.58369827,37.37549973,38.02761078,39.06679153,39.51955032,39.83795929,41.21619034,42.08512115,43.98046875,45.80875015,47.60457993,49.34724045,52.26591873,54.46160889,55.81007004,57.9655304,62.19704819,63.24805069,64.38893127,65.83409119,66.70913696,67.94724274,68.51132965,69.94959259,71.10170746,72.2276001,72.12444305,72.53807068,73.28353882,,
LIC,Low income,,,28.18987083,28.92926979,29.40641975,30.0206604,30.86566925,32.10528183,32.56267166,32.91859818,33.23200989,34.20864105,34.77219009,34.71855164,35.5365181,35.31740189,35.66051865,34.89865875,34.05722046,34.14057922,34.62517166,35.1511116,34.91878128,35.48350906,34.46530151,34.53321075,35.36183167,35.12498856,35.07130051,35.32651901,36.11206818,37.85942841,39.33776093,41.62068176,43.00278854,46.22605133,48.16025162,49.53747177,52.52539063,56.34986115,57.21260834,56.72204971,57.79544067,57.22676086,58.68957901,59.43331146,60.70808029,61.53594971,62.5043602,63.00867844,63.66085052,64.77548981,63.91944885,63.01218033
LIE,Liechtenstein,,,,,,,,,,,,,,,,,,,,,,,,,,,,,,,,,,97.53694916,103.8647308,101.8433228,109.1397781,103.1963501,101.4492798,96.83258057,106.6350708,100.4608307,98.9743576,,84.45596313,112.5,103.0927811,84.7715683,111.1702118,95.4545517,100,94.708992,,
LKA,Sri Lanka,64.27381897,,,,,,,,,,,,,85.29740143,,89.42656708,91.86026764,91.74221802,,93.753479,93.94165802,96.75399017,96.17302704,,,,,,98.66384125,,,103.1257172,105.8264694,100.6886292,,97.0059433,97.41066742,95.21160126,91.69789886,91.32578278,96.51943207,95.85456085,94.8554306,95.48045349,95.02562714,94.78617859,95.75138092,97.08440399,,95.93609619,96.32307434,98.27931976,97.15338135,
LMC,Lower middle income,39.3468895,39.51160049,39.55379868,40.41249847,40.79705811,41.77460098,42.38513947,43.08697128,44.00188828,44.82464981,46.38076019,47.90256119,49.24710846,50.58359146,52.33995056,53.00807953,54.13840103,55.24565125,56.0617218,56.86795044,58.22452927,59.23669815,60.08531189,61.22581863,62.33403015,63.45571899,63.44345093,63.41085815,63.44300079,63.82917023,65.63346863,69.16132355,70.2335434,74.18061066,76.05641937,78.37330627,80.75949097,82.34137726,83.8332901,85.5877533,85.43247986,85.03240967,86.6050415,87.06526947,88.2269516,88.71575928,88.72618103,88.67687988,88.44232941,88.37465668,89.24157715,89.46028137,95.44228363,86.95580292
LMY,Low & middle income,65.29187012,63.07609177,61.89310837,61.65684128,66.97982788,69.93123627,68.74578857,69.381073,69.5320282,69.51651764,72.03338623,72.69615173,73.68421936,73.8371582,74.7188797,75.09367371,75.07984161,74.5,74.57833099,74.10845184,73.78726196,73.14446259,72.38234711,72.77757263,72.38874054,74.30625153,73.5923233,73.88398743,74.53840637,75.21302795,76.07816315,78.57540131,79.06963348,79.83643341,80.66295624,81.88110352,82.44271088,84.07581329,86.4538269,87.73538208,87.5217514,86.77654266,87.17073822,87.31755066,86.96987915,86.62483215,87.51313782,87.31954956,87.36360931,87.33188629,87.50926971,88.22502899,90.86943817,86.44895935
LSO,Lesotho,,,43.83444977,49.73255157,61.73086929,65.65630341,61.0875206,57.7702713,59.63166046,61.54317093,62.29420853,62.9888916,63.47518158,63.62294006,62.42102051,61.79088974,61.91630173,66.29071045,68.39349365,67.71077728,70.80850983,71.70371246,73.49291229,72.87212372,74.85217285,77.03476715,72.608078,71.27713013,71.16754913,68.34789276,66.79991913,68.77085876,71.68343353,74.57581329,78.48770142,75.34790039,97.90611267,92.20365906,88.55747223,88.65775299,89.72479248,88.76065826,88.93122864,90.77838898,89.15113068,87.81569672,88.36865997,,,87.64299011,81.45662689,87.77695465,79.31603241,75.71911621
LTE,Late-demographic dividend,,,,,,,,,,,,,,,,,,,,,,,,,,92.58161163,90.3170929,91.43306732,92.83540344,94.32135773,95.75756836,97.6238327,96.79759979,95.77411652,95.1918335,94.46906281,94.17340851,96.61959839,101.5339966,101.8358078,101.3583679,99.49255371,96.92771149,97.16612244,93.91796112,92.12583923,93.91120148,95.69364929,96.69145966,96.51885986,94.61843872,96.3642807,96.48639679,
LTU,Lithuania,,,,,,,,,,,,,,,,,,,,,,,,,,87.91557312,91.55496979,91.34783173,,94.90516663,101.7944717,102.269371,102.4375916,100.6818695,102.5378418,101.6193466,102.7281799,103.8740082,98.32919312,97.97361755,99.46327972,97.77615356,100.5485382,101.4021225,100.8649979,100.2538071,100.6266403,101.6111374,103.4509735,110.0299225,108.4395981,99.44847107,100.3318863,
LUX,Luxembourg,,,,,,85.31226349,83.98767853,86.14572144,84.97583008,88.12229919,,,,83.39852142,,,,,,,,,,,,,,,,,,,,,,,,,,,89.59068298,84.54309845,85.47176361,84.75189209,83.82804871,82.62814331,81.55738068,82.55503845,75.91356659,79.21399689,79.23381042,79.03769684,78.00985718,
LVA,Latvia,,,,,,,,,,,,,,,,,,,,,,,,,,,,,,97.82801819,98.8465271,100.1719894,99.31806183,99.71334839,103.5575409,101.5533295,102.7252579,100,101.4898071,99.0904007,100.3044128,98.98338318,98.49459839,98.75627136,99.92059326,101.0671768,97.98879242,99.00700378,99.19602203,98.63890076,98.94716644,98.02063751,98.52375793,
MAC,"Macao SAR, China",,,,,,,,,,,,,,,,,,,,,101.535408,,101.6232376,93.0386734,,,,,,91.91748047,98.1333313,100.3011322,104.5527573,99.6689682,102.1538467,94.75666046,97.17262268,90.80110168,92.2702179,91.50734711,97.22445679,97.88672638,99.62030792,98.68421173,94.47367859,99.70587921,90.84210968,115.8235321,100.5714264,91.36000061,90.38462067,96.03845978,93.77777863,92.19999695
MAF,St. Martin (French part),,,,,,,,,,,,,,,,,,,,,,,,,,,,,,,,,,,,,,,,,,,,,,,,,,,,,,
MAR,Morocco,,,,20.1778698,21.12475014,22.54372025,,26.97871971,29.30851936,31.65759087,33.08044815,34.55894852,36.00600815,36.40076065,36.82463074,43.57304001,42.88719177,42.62776947,38.88195038,33.73608017,40.18016052,37.33010864,36.83012009,37.58860016,38.0644989,39.88628006,42.06874084,44.1624794,46.19889069,48.85641861,52.05358124,54.75894165,56.9703598,62.62403107,71.26732635,76.92961121,80.6806488,80.37644958,78.45619965,76.75514984,80.43028259,85.48139191,94.54779053,93.83934784,94.83756256,94.74056244,93.50550842,91.69384766,91.83965302,94.53148651,97.19264984,99.90119171,102.3562927,105.7344284
MCO,Monaco,,,,,,,,,,,,,,,,,,,,,,120.3125,119.6969681,,,,,,,,,,,,,,,,,,,,,,,,162.0437927,,,,,,,
MDA,Moldova,,,,,,,,,,,,,,,,,,,,,,,,,,,,,,,,,,,,,,,,,,,,,109.702301,106.4882965,106.2061768,106.7956696,101.0954437,99.70591736,104.0618591,,,
MDG,Madagascar,,22.23633003,24.38027954,25.52154922,,28.31030083,,,,,,,,,,,,,37.6659317,34.94242096,34.6869812,33.76089096,30.60499001,31.88373947,29.67963028,28.31060028,29.75279999,,29.59095955,32.80904007,35.56338882,35.18867874,35.15385056,38.85382843,44.69120026,55.73628998,54.53673935,58.77077866,65.57137299,73.19892883,70.59150696,71.69532776,70.34288025,69.68655396,69.7999649,69.97650909,68.45944214,67.77960205,65.81893158,63.32810593,61.75122452,65.60644531,61.97725296,63.25065613
MDV,Maldives,,,,,,,,,,,,,,,,,,,,,,,,,,,,118.5019836,,,,,,,,133.5413361,124.791832,,107.213501,108.3030319,100.6087799,101.0494232,94.08849335,87.85977936,93.52873993,91.92498779,95.5715332,92.95929718,95.91622925,94.89361572,,,101.471817,98.15630341
MEA,Middle East & North Africa,35.84527969,35.72209167,35.99340057,37.42007828,38.79961014,41.5382309,43.75926971,46.10535049,45.52597046,43.47872162,48.04804993,51.57725143,53.25709915,55.08480072,57.6053009,61.83219147,61.98508072,62.31895828,63.94710922,64.79975891,66.9838562,68.32778168,70.12177277,71.30084991,72.03990173,74.09432983,75.02826691,75.71498871,76.60980988,77.59426117,77.51837158,79.12539673,79.45098114,79.59203339,84.34603882,86.62316895,83.1661377,84.69615936,86.14405823,86.11724854,87.71257782,88.23856354,89.47045135,84.97917175,85.05558014,84.09474182,83.65663147,83.36791992,84.09905243,84.12493134,86.05740356,86.16449738,87.70065308,89.08342743
MEX,Mexico,,,,,,64.68399048,66.21949005,71.65631866,,,,,,,,,,,,,,,,91.85945892,93.17027283,96.53289032,97.43006897,96.87322998,,97.58544922,96.61682892,97.66113281,99.19341278,98.73275757,100.5903473,101.3962479,101.4908066,102.35466,101.7268524,100.0342407,100.4768372,100.3238831,107.0673981,110.6262436,111.7671509,106.0590286,104.6529999,104.3861008,102.4861679,102.8659821,103.1613617,103.0739288,102.4661407,
MHL,Marshall Islands,,,,,,,,,,,,,,,,,,,,,,,,,,,,,,87.58435059,,,105.8091278,80.84506989,,80.21472168,89.73561096,94.77021027,91.8530426,93.47133636,,91.81817627,,,,,100.3590698,,,118.7372665,114.8535614,108.3507309,99.56896973,
MIC,Middle income,68.07602692,65.91104126,64.64218903,64.39042664,69.74749756,72.69483948,71.50871277,72.15712738,72.33213043,72.37281036,74.95990753,75.62161255,76.63572693,76.83573914,77.76334381,78.22914124,78.25258636,77.80423737,78.03137207,77.61979675,77.25569153,76.4899292,75.67614746,76.05465698,75.71797943,77.92743683,77.08527374,77.48493958,78.23455048,79.02182007,80.05874634,82.74897003,83.18782043,84.1444931,85.12133789,86.25328064,86.79781342,88.62554169,91.07781982,92.12052917,91.86269379,91.18546295,91.52037811,91.90673828,91.37335205,90.96357727,91.87212372,91.60185242,91.55993652,91.5059967,91.65818024,92.34001923,95.66944885,90.70448303
MKD,North Macedonia,,,,,,,,,,,,,,,,,,,,,,,,,,91.6182785,92.62219238,94.46047211,,97.28489685,101.0952988,100.1000519,100.4805832,95.17700195,97.76052856,95.79878235,95.21862793,94.49829102,99.01537323,95.71105957,,,,97.75585938,95.45655823,96.74228668,,93.55316925,93.98774719,91.01164246,90.41622162,91.82330322,93.5925293,
MLI,Mali,,,,,,,,,,8.563570023,,7.342430115,,,7.281710148,6.864530087,,6.525889874,6.232190132,,,,,,,,,,,,22.06217003,24.12663078,26.30184937,29.1832695,30.6570797,32.34714127,37.0801506,39.78617859,43.89202881,46.33903885,49.37966919,50.1256218,47.58171082,,47.43690872,45.72256088,45.47615814,44.50382996,,,,,,48.38040161
MLT,Malta,,108.1790085,121.4111862,117.3606186,128.6216278,111.097847,86.88742065,114.4439468,98.94365692,105.7631683,105.3003464,117.3821487,100,99.09413147,99.65753174,97.57009125,94.67857361,102.7134628,99.24758148,101.9223785,101.0672379,101.8752289,104.7514572,104.4998322,105.5595703,100,106.7623672,97.93282318,100.6086578,98.58766937,104.9378281,102.6420593,102.4488297,100.969429,102.6045837,102.419693,102.9350967,99.57805634,102.3327484,94.74388123,101.0682831,98.91007996,97.39853668,100.3725433,100.890213,100.0518875,99.64592743,99.48239899,100.1516724,97.64434052,96.25502014,98.49794769,94.79521942,
MMR,Myanmar,,31.20018959,29.45347023,36.27661896,35.27616119,,,,,,,,,,,,,,,,,,,,,,,,,73.21266937,78.57466888,78.37477112,79.07243347,81.0602417,83.37677002,,,94.51119232,94.95664978,95.43466187,97.82171631,,,,,,,,105.0020294,,,,,
MNA,Middle East & North Africa (excluding high income),34.90256882,34.77360153,35.06457901,36.72925949,38.26593018,41.19583893,43.47148132,46.06784821,45.43479919,43.22116852,48.00416183,51.63972092,53.31592941,55.14710999,57.81987,62.38367844,62.39255142,62.6688118,64.31442261,65.10812378,67.3531723,68.66349792,70.52703857,71.64163971,72.259552,74.36647797,75.19708252,75.80737305,76.61402893,77.51925659,77.22576904,78.80832672,78.98336792,78.95330811,84.04070282,86.42814636,82.42812347,83.98329926,85.71376038,84.62915039,85.32646942,85.68302917,86.55966187,83.63105774,83.33405304,82.56337738,82.13887787,81.61399078,82.47769928,82.78630829,85.0803833,85.20523834,85.35092926,
MNE,Montenegro,,,,,,,,,,,,,,,,,,,,,,,,,,,,,,,,,,,,,,,,,,73.40101624,96.86244965,,,99.66574097,97.26902771,98.41223907,100.6506424,97.89894104,101.2651596,99.31829834,109.6107788,108.6637268
MNG,Mongolia,,,,,,,,,,,,,,,,,,,,,,,,,,74.59355164,79.99614716,78.65567017,89.01682281,87.9422226,89.11872864,93.48671722,97.86055756,101.2845917,99.46964264,100.2933273,,,,,,,,,,99.94882202,97.54383087,93.28361511,98.44786835,96.80921173,97.64346313,91.37967682,95.57749939,96.02275848
MNP,Northern Mariana Islands,,,,,,,,,,,,,,,,,,,,,,,,,,,,,,,,,,,,,,,,,,,,,,,,,,,,,,
MOZ,Mozambique,,,,5.398429871,,,,,,,,,23.14348984,18.77046967,22.85099983,23.91691971,35.43442154,25.98678017,20.09968948,21.35972977,23.62991905,24.04260063,22.4915905,22.55804062,21.99188042,21.29105949,,,,11.32781029,12.84980011,14.73116016,17.59565926,,24.22967911,34.88554001,34.68621826,39.52619934,52.27338028,50.62572098,54.98524094,51.54217911,49.54891968,47.74330139,47.92699051,48.58842087,,46.64616013,51.71646881,54.41223907,58.22967911,,69.52323151,56.15782547
MRT,Mauritania,,,,,,,5.718490124,5.341529846,6.073679924,9.156510353,,15.81597042,,,,21.57811928,24.10251999,22.2057991,28.01753998,24.80937004,20.86873055,25.08672905,24.2343502,26.37227058,25.85450935,26.50469971,28.18977928,32.11056137,38.49464035,40.43770981,,41.03593826,39.68783188,,,38.80744934,40.00341034,50.95690918,,67.1725235,,,67.39412689,69.22422028,66.16986084,67.02992249,,65.6002121,72.1120224,72.43122101,,,,
MUS,Mauritius,,,,,,,,,,,,,,101.3316574,95.08551025,103.03302,131.9152985,97.87114716,96.34649658,62.44208908,100.7342072,101.5656281,101.2900925,96.87763977,95.48438263,94.48206329,93.52272797,92.17417908,98.10871887,100.7556686,100.5668488,102.4406586,98.73252869,99.8901825,96.11255646,97.96868134,93.19261932,98.27481842,94.49114227,94.16179657,100.7318573,97.81681824,94.02877808,98.47865295,93.04454803,98.24941254,95.02774048,92.23435211,97.39013672,93.79512787,92.14276886,94.9145813,,89.87413025
MWI,Malawi,,,,,14.22616005,14.51741982,15.64280033,19.00991058,21.51265907,23.05246925,23.73508072,25.64706993,22.39096069,26.2495594,25.52750969,27.15958977,27.56081963,28.1212101,22.76877022,23.53487968,25.30088997,27.47518921,30.14365005,29.97403908,32.2430191,43.51279831,52.89831924,,,63.51811981,62.14627075,65.90783691,68.21469879,,60.87528992,61.23892975,61.69388962,62.54491043,67.08171844,69.06002808,68.78011322,70.47716522,72.5350647,76.92156982,76.30595398,,,,,79.84127045,,74.59225464,,73.00236511
MYS,Malaysia,,,,,84.00904083,,,,,,99.85830688,97.60523987,97.37561035,101.0535965,100.1499329,97.26377869,,98.21193695,99.11448669,96.9223938,95.89814758,97.82369232,,100.118248,,,,,102.6412735,99.87760162,106.5809326,,94.05922699,91.7322998,93.67810822,97.17933655,96.07502747,96.79373932,100.4924011,102.5385132,99.2281723,100.5827179,106.9374695,102.1865234,100.989418,100.2798004,97.16005707,94.89273834,93.29634857,94.56498718,101.045929,103.1158218,96.32720947,100.0354614
NAC,North America,,,,,,,,,,,,,,,,,,,,,,,,,,,,,,99.52900696,99.58122253,99.44326782,99.30967712,99.17160797,99.03440094,98.89801788,98.76113129,98.62532043,98.48972321,98.35370636,98.21727753,98.07887268,97.9402771,97.8063736,97.66914368,97.53395844,97.39810181,97.26286316,95.72319794,102.8925323,101.3673172,100.0997696,94.460289,94.45187378
NAM,Namibia,,,,,,,,,,,,,,,,,,,,,,,85.74340057,,81.48806,,,,107.6822968,104.2960129,99.7009201,98.56137085,97.60929108,95.47627258,83.21782684,83.51563263,82.70056152,,83.44317627,91.27092743,90.94654083,,93.78977966,94.44708252,,,,,102.1773911,,,,,
NCL,New Caledonia,,,,,,,,,,,,,97.13391876,98.7660675,93.95349121,91.94387054,91.58390045,85.38381195,89.90972137,87.58808136,100.2224731,,,,,,,,,,,,,,,,,,,,,,,,,,,,,,,,,
NER,Niger,,3.061209917,3.835489988,3.927560091,4.112959862,4.415939808,4.892010212,5.617040157,6.712679863,8.916460037,10.2308197,10.60883999,11.18669033,12.11888027,13.38284016,13.73888969,15.26243019,15.75397968,,10.39041042,10.70975971,12.43426991,12.74368,12.10402012,,9.535079956,13.59364986,13.18869972,13.8540802,14.22593975,14.20431995,14.87605,16.39402008,16.24360085,20.41588974,22.51330948,24.96055984,30.20029068,30.00251007,31.84824944,33.14151001,36.80498123,40.73254013,43.75534058,52.66062927,63.87482071,67.87779236,60.89719009,,60.16254044,51.13080215,57.40261841,50.3183403,46.77238083
NGA,Nigeria,,,,,,,,,,,,,,,,,,,,,,,,,,,,,,,74.91835022,,,,71.20533752,73.73473358,78.38407898,69.73162079,62.56568909,67.20410919,68.03710938,,,,,,,,,,,,,
NIC,Nicaragua,27.89974022,31.37524033,31.42815018,34.19398117,,,,37.0574913,36.38824081,32.26763916,36.93265915,,33.48342896,32.55120087,31.60606003,34.73276138,41.82434845,51.51029968,52.7537117,,,,,52.44705963,57.71498108,52.95914078,,,,67.94017029,67.62563324,68.95168304,75.93232727,74.97206116,75.5268631,78.85182953,77.98777771,78.31456757,77.51009369,,81.46749115,,,,,,,,,,,,81.87856293,
NLD,Netherlands,,97.38472748,97.79102325,96.36489868,96.82671356,96.35476685,96.09622192,97.10959625,97.84407043,96.75038147,96.58537292,95.88114929,97.68469238,98.44444275,99.34871674,100.20224,,,,,,,,,,,,,,,,,,,,,,,,,,,,,,,,,,,,,,
NOR,Norway,,104.4688568,,99.76027679,99.14317322,100.9592514,99.50067139,98.94660187,100.3466187,99.79171753,99.35584259,99.83811951,99.70973969,,99.97827148,100.0697098,99.54344177,99.5327301,99.4375,99.1388092,99.99208069,99.5588913,99.1414566,98.35315704,,,,,99.97663879,99.409729,99.21222687,99.48725128,99.33674622,98.80612183,99.51792145,99.58371735,99.85479736,99.66101837,99.94448853,100.093071,99.62580872,99.84790039,100.3794327,99.63220978,99.94294739,99.16825104,99.20703125,99.42372894,99.43496704,99.29225159,99.35182953,99.24889374,99.20024872,
NPL,Nepal,,,,,,,,,,,,,,,,,,,,,,,40.58575058,,,,,,,52.25849915,54.68294907,56.44522095,60.86526108,62.22898865,63.07867813,67.93916321,71.95146179,,78.91886139,,,,109.1209793,108.0582123,111.544548,115.1033096,121.6742477,125.4061127,,123.1417618,,96.33428192,95.00817871,113.8485107
NRU,Nauru,,,,,,,,,,,,,,,,,,,,,,,,,,,,,,,,90.83332825,,,,,,90.26548767,,,,,101.8867874,,100,,123.0769196,,,99.21875,97.74436188,,,113.6363602
NZL,New Zealand,99.74867249,101.5025635,102.6227036,102.6172409,101.3378525,100.4454117,100.0267181,101.1595306,100.4957428,100.5232773,,,,,,,,,,,,,,,,,,,,,,,,,,,,,,,,,,,,,,,,,,,,
OED,OECD members,91.62528992,92.24680328,92.17783356,92.72411346,92.61956024,92.67402649,92.80374146,93.23049164,95.21365356,92.19468689,94.44580078,94.76114655,94.76200867,94.94320679,96.06873322,96.01496887,97.08759308,97.03240967,97.64568329,95.89218903,96.79855347,96.05365753,97.74906921,97.45227814,97.84638977,98.25691986,98.40087891,98.4694519,98.6015625,98.72619629,98.61801147,98.98091125,98.8091507,99.0638504,99.64749908,100.0561066,100.0550766,100.3662262,100.2400589,100.3538895,100.1926804,100.1345215,100.7126694,100.8928909,100.3949127,99.74356079,102.2407684,99.07118988,97.74263763,100.3789063,100.1294785,100.0289078,98.06825256,98.05297852
OMN,Oman,,,,,0.779910028,0.84206003,3.053359985,,8.298950195,13.15254974,,,,24.91947937,31.18899918,31.55018997,37.77413177,40.83773041,48.94620895,57.37646103,65.46874237,,70.29138947,,71.51274872,74.44106293,77.84989166,79.82241821,80.07605743,81.11392212,81.8151474,82.83840179,83.15216827,86.69122314,,,,,,94.21613312,,117.1750031,108.0420685,102.7491302,104.2439499,98.86855316,101.2409515,107.2491379,97.49945068,99.14672852,92.3473587,88.95954132,86.82652283,94.34377289
OSS,Other small states,,61.01374054,62.04415894,63.17353058,65.60597992,66.09481812,64.87957001,63.87741852,64.78677368,66.30378723,66.2915802,68.06915283,68.30123138,67.54921722,66.48161316,68.92617035,71.53833771,68.97953033,68.85545349,66.68704224,69.60160828,69.61981964,69.53951263,68.57820129,69.22406769,69.45227051,70.89234161,71.91761017,74.64311981,75.32647705,75.2461319,76.00476837,76.66738129,77.43956757,76.7879715,77.04358673,79.27127075,79.31658173,80.58721161,81.2353363,82.18453217,81.9885025,82.88977814,83.46748352,83.52597809,84.14880371,83.95258331,83.98847961,84.48564148,84.34668732,84.29026031,83.7738266,83.49468994,82.8946228
PAK,Pakistan,,,,,,,,,,,,,,,,,,,,,,,,,,,,,,,,,,,,45.41131973,45.92879105,47.67781067,47.13774109,47.06005096,49.65678024,47.47394943,50.40781021,50.60355377,51.14541245,,51.85118484,,55.65963364,58.35803223,,62.74131393,63.19283295,
PAN,Panama,66.04399109,69.82601166,74.33162689,79.9781723,81.57218933,83.931427,99.33705902,94.15331268,92.17384338,90.73960876,87.66937256,85.12397003,85.1374588,85.94033051,81.06273651,83.89450073,83.85816193,84.36312103,82.82592773,84.33042145,,,,,,,,,,89.00401306,90.84623718,91.05319214,91.62378693,,93.52941132,93.14929199,91.49491882,96.64112091,99.97225189,99.85043335,96.04483795,100.0449219,101.7954788,99.97641754,96.16847992,,,89.27752686,,86.61818695,86.94445038,94.2257309,92.8931427,92.72007751
PER,Peru,63.06047821,,,,,,,76.30104828,75.43248749,75.29119873,75.56729126,73.13877106,,,,,,,,,,,,81.90926361,,83.94037628,,,91.46543121,96.79020691,95.22210693,91.28117371,91.57298279,97.00820923,97.49817657,98.07203674,99.54963684,102.4038391,101.9689713,99.92105865,102.5343094,99.95617676,94.24668121,97.66021729,98.68817902,101.0118637,101.5134964,91.44769287,89.16497803,90.8140564,,102.3136215,102.428093,103.8898163
PHL,Philippines,,,,,,,,,,,,88.86267853,,91.88262177,91.59178162,89.86811829,87.89893341,86.58701324,85.56716919,86.58895874,,,,,,,,,91.21572113,91.17272186,,106.4764023,98.46749115,98.83106995,96.55402374,96.91278076,93.85694885,92.55793762,94.83660889,94.7147522,,,,,100.2162094,,,105.9645767,109.831131,101.5714798,99.61161041,92.81452942,89.13935089,80.87689972
PLW,Palau,,,,,,,,,,,,,,,,,,,,,,,,,,,,,,,88.23529053,,,,,,,,,,,,,117.7570114,95.5357132,,,,,,,98.38710022,82.25806427,82.20339203
PNG,Papua New Guinea,,,,,,,,,,,,,,,,,,47.56875992,50.45993042,51.27742004,49.10068893,47.25762939,46.7417717,,51.5655098,51.10523987,50.06119156,47.91707993,46.99420166,,49.00440979,48.94758987,49.08599854,51.36091995,,,,,,,,,,,66.27256775,,69.66404724,,,,,,,
POL,Poland,,,,,,,,,,,,,,,,,,,,,,,,,,,,,,,,,,,,,,,,96.73336792,97.01869202,96.80020905,96.55796814,96.13217926,96.20345306,99.94030762,101.2642517,106.8236694,93.84088898,94.29234314,,,98.05145264,
PRE,Pre-demographic dividend,,,36.00328827,36.56716919,36.96432877,37.98925018,38.84321976,40.45619965,42.11748123,44.17707825,45.23340988,46.51364136,47.47959137,48.22978973,50.81641006,48.54729843,48.55022049,47.79748154,47.22745132,46.0533905,47.01987076,47.86582947,47.22661972,48.30500031,47.5329895,47.66711044,48.23104858,48.23350906,47.74631882,48.49314117,48.42547989,49.67652893,50.53738022,51.22454834,52.14485168,53.73572159,56.32118988,56.3223114,57.63756943,61.28205109,61.31158066,61.57294083,62.26261139,62.81388855,63.43635178,63.90198135,64.68044281,65.0952301,65.72570801,65.71389771,66.31349945,67.28486633,66.48568726,
PRI,Puerto Rico,,,,,,,,,,,,,,,,,,,,,,,,,,,,,,,,,,,,,,,,,,,,,,91.98323059,,,88.17430115,,,,,64.50834656
PRK,"Korea, Dem. People's Rep.",,,,,,,,,,,,,,,,,,,,,,,,,,,,,,,,,,,,,,,,98.78292847,,,,,,,,,,,,,,
PRT,Portugal,,,55.9234314,61.85152054,67.41056061,73.83437347,67.37644958,,,,,,,,,,,,,,,,,,,,,,,,,,,,,,,,,,,,,,,,,,99.24781799,100.4326477,101.6725235,102.4152832,103.8060684,
PRY,Paraguay,44.38137054,,44.86042023,47.87247086,48.76713943,49.04486847,50.0230484,51.45555878,52.61362839,,56.61003113,59.92113876,60.74145126,63.89826965,65.75801849,67.6083374,67.09713745,68.28314972,68.38716125,69.21160889,70.68663788,76.13736725,76.68253326,83.93173218,82.56868744,84.09552002,87.23320007,,97.39431,93.82099915,95.22293854,95.44396973,96.17479706,98.41249847,97.94464874,99.25843811,98.72592926,100.7086716,101.5685196,102.6201477,100.5119019,96.58605194,95.39469147,,,,95.98188782,,,,82.41030121,,85.77783966,89.80757904
PSE,West Bank and Gaza,,,,,,,,,,,,,,,,,,,,,,,,,,82.43402863,82.53820801,82.38182831,,92.29086304,93.90035248,97.10796356,94.96980286,100.3796692,94.16018677,96.05239868,,89.50669098,89.36341858,90.96157837,93.38433838,91.82692719,88.29936981,92.80110931,93.68586731,93.92481232,93.33911896,98.01599884,94.87093353,94.30531311,97.72541046,94.06288147,94.04984283,90.80648804
PSS,Pacific island small states,,,,,,,,,,86.88955688,86.22943115,87.8768692,84.68747711,84.26223755,83.34558105,84.26947784,85.52028656,85.9744873,86.54463196,87.17388916,87.29640961,88.19905853,87.80386353,88.33161163,88.03941345,89.01042938,88.70796967,89.62278748,91.05500031,87.8137207,86.21340942,90.060112,91.04192352,90.8274765,90.87013245,91.58950043,91.57221222,91.10289764,90.4154892,91.15750885,92.14054871,92.64160156,93.06359863,93.11186218,94.18197632,95.96396637,95.59719849,96.07594299,95.35243988,95.72901917,94.05764008,94.97284698,,
PST,Post-demographic dividend,96.8814621,96.84887695,96.38696289,97.27439117,,,98.04017639,98.19125366,100.9237137,96.70681,98.623909,98.47875214,97.86650848,98.03370667,99.0202179,98.95201874,99.24569702,99.60973358,99.3792572,98.77694702,99.3677063,99.09075165,98.95924377,98.8057785,99.20529175,99.36528015,99.33873749,99.36412811,99.49681091,99.41998291,99.11711884,99.75994873,99.62162018,99.75100708,100.0273285,100.044693,99.37338257,99.50260162,99.27494812,99.23983765,99.05670929,98.85095978,98.67765045,98.75395966,98.20797729,98.08589172,97.75382996,97.62991333,96.65273285,99.91107941,99.3245163,99.01085663,96.5076828,96.49285126
PYF,French Polynesia,,,,,,,,,,,,,,56.21062088,,,,,,,,,,,,,,,,,,,,,,,,,,,,,,,,,,,,,,,,
QAT,Qatar,,54.2045517,62.19393158,63.89365005,58.82794952,61.36820984,60.04856873,58.63814926,72.86698151,74.25692749,73.85431671,70.80428314,77.9661026,,79.54931641,81.19378662,81.63027191,73.2742691,79.9298172,81.23314667,80.9416275,80.96118164,78.23008728,75.45249176,74.84980774,72.25158691,59.85197067,,96.10729218,96.52857971,,,,94.12256622,,90.51519775,91.00482941,94.21446228,96.82431793,100.4263,,99.74806976,,98.50611877,91.43016815,93.05171204,93.50099182,100.78125,100.7134628,99.72293854,103.7240067,90.48374939,95.54045868,
ROU,Romania,,,,,,,,,,,,,,,,,,,,,94.48989868,,,86.16499329,,,,,,96.17687225,93.93134308,104.5957489,101.1764297,95.71134949,92.62476349,91.98020172,92.407341,,89.84060669,95.86811829,97.1769104,98.06233215,94.71045685,,,92.69631195,89.60899353,,87.94283295,87.48667908,86.77613831,88.50206757,82.70131683,
RUS,Russia,,,,,,,,,,,,,,,,,,,,,,,,,91.92810059,92.20475006,,,,,,,,,,,,,,,,,,,95.66194916,98.12339783,95.58718109,,99.33300018,99.67565155,,,,
RWA,Rwanda,,15.20186043,16.21323013,18.64130974,19.32456017,21.84095955,,24.95060921,,,33.83396912,43.91851044,42.54251099,41.66880035,42.73847961,44.83277893,42.0591507,42.88521957,44.0796814,44.55236053,43.42734909,43.33866882,42.86547852,,,,,,,24.29842949,19.42592049,24.48942947,30.37704086,41.7730484,40.62903976,,,,54.72512817,75.69171906,79.90682983,,79.05438232,63.98886108,69.13755798,68.32243347,73.7337265,85.4486618,91.0225296,102.3719025,,101.3481674,,65.06304932
SAS,South Asia,29.62841034,29.79219055,30.3519001,30.70918083,31.07212067,32.16225052,32.81468964,33.49663925,34.94115067,36.18130875,37.50326157,38.89295959,40.35457993,41.77576065,43.31074142,44.8176384,46.41344833,47.97826004,49.34003067,50.7652092,52.09870148,53.50154877,54.89260864,56.17707062,57.55498886,58.97705841,58.73939896,58.48025894,58.23828125,57.98154831,60.18545151,64.28372955,66.3732605,72.42350769,75.20084381,78.12123108,80.69172668,83.42929077,85.7338562,87.54007721,86.99658203,86.21608734,88.21450806,89.55805969,91.2822113,92.35941315,92.28656769,92.17402649,91.04432678,91.30541992,92.356987,92.67024994,103.1503067,88.32521057
SAU,Saudi Arabia,,,,,,,,,,28.70220947,,,,,,,,,,,,,,,,,,,,,,,,,,84.57411194,,87.05687714,87.74262238,,,126.4298019,134.6691895,101.5441284,,,,101.3890686,102.5273132,97.80864716,95.46803284,96.07714844,120.3510208,
SDN,Sudan,,,,,,,,,,,,,,,,,,,,,,,,,,,,,,,,,,,,,,,,,57.34133148,,55.82331848,57.81156158,58.04843903,59.75786972,61.86286926,64.61649323,64.29293823,,,,,
SEN,Senegal,,18.00190926,18.21874046,,,,,,22.85051918,23.93140984,22.55351067,23.33147049,23.15711021,24.44311905,25.60915947,24.77326012,27.20066071,,30.61515045,30.89245987,31.60430908,,30.36220932,,29.86120987,,31.84028053,32.54491043,35.08177948,,32.7756691,37.62614059,41.19789124,41.81716156,44.27476883,49.35060883,48.62882996,50.42721176,58.67430878,59.93856049,59.63425064,62.66175079,62.83945084,63.70206833,64.9385376,62.93721008,,,,67.64640808,68.09333801,70.61987305,59.67564011,69.38278198
SGP,Singapore,,,,,,,,,,,,,,,,,,,,,,,,,,,,,,,,,,,,,,,,,,,,,,,99.18698883,99.25125122,100.0259094,97.81577301,102.175148,99.96884155,99.50669098,
SLB,Solomon Islands,,,,,,30.2325592,,,,,47.12405014,47.49584961,42.88407135,42.19721985,,,47.12366104,,,,,,,,,,,,,,,,,,,,,,,,,86.50534821,86.29093933,86.56315613,88.24047089,89.17636871,90.09453583,90.75072479,88.97373962,87.6785965,83.45295715,,,75.0294342
SLE,Sierra Leone,,,,,,,,,16.0197506,,,,,,,,,,,,,,,,,,,,,,,,,,,,,65.55771637,,,,64.97972107,61.31571579,59.91805267,,59.40246582,68.60758209,69.03736115,82.01914215,83.06363678,87.08876038,97.80697632,102.8384705,98.43651581
SLV,El Salvador,,39.60942841,43.96913147,49.44461823,51.14609909,,48.59014893,49.24475098,,,,46.64225006,50.19688034,53.01932907,51.28316879,,,63.88140106,67.38311768,64.38973999,,64.486763,64.09227753,64.58426666,,65.74640656,69.97976685,,76.07746124,,83.08393097,84.44313812,85.21324921,86.16162872,,90.1685791,89.14304352,93.82198334,94.2752533,97.20983887,97.81493378,99.4870224,98.02294159,96.41001892,95.62432098,92.74019623,92.485672,92.67360687,89.97707367,,84.50940704,85.87169647,82.37683868,82.68380737
SMR,San Marino,,,,,,,,,,,,,,,,,,,,,,,92.17391205,95.16129303,,,,,,,76.97841644,,,,,,,,96.62162018,92.99362946,94.18605042,95.42484283,92.85713959,,,,,,96.77419281,95.36081696,96.27329254,93.06358337,94.47514343,98.68421173
SOM,Somalia,,,,,,,,,,,,,,,,,,,,,,,,,,,,,,,,,,,,,,,,,,,,,,,,,,,,,,
SRB,Serbia,,,,,,,,,,,,,,,,,,,,,,,,,,,,,,,,,,,,,,102.6113129,106.2953033,97.96517181,95.39524841,100.8082199,98.29118347,98.53336334,103.0599136,101.5230103,99.64395142,100.9125977,98.70153809,98.07971954,98.08001709,99.18344116,97.99051666,
SSA,Sub-Saharan Africa (excluding high income),,,40.19161987,40.65148926,41.17567062,41.95359039,42.64215851,43.67362976,44.89947891,46.4721489,47.18394852,48.39300919,49.05117035,49.81901932,51.92695999,50.06713867,50.15003967,49.50325012,48.59954834,47.5946312,48.4621582,49.18281174,48.6822319,49.61111069,48.94136047,49.08100128,49.51409912,49.19948959,48.56978989,48.63996124,48.49517822,49.88343048,50.78536987,51.84767151,52.63142014,54.96511841,57.7193718,57.8967514,59.53839111,63.27832031,63.98960114,63.63830185,64.55441284,64.59555817,65.13503265,65.56478882,66.39486694,66.91944122,67.78289795,68.16644287,68.87696838,69.77262878,68.69654083,68.46077728
SSD,South Sudan,,,,,,,,,,,,,,,,,,,,,,,,,,,,,,,,,,,,,,,,,,19.67124939,,,,,,,,,,,,
SSF,Sub-Saharan Africa,,,40.20404816,40.66384125,41.18774033,41.9654007,42.65343857,43.68424988,44.91054153,46.48209,47.19290924,48.40052032,49.05821991,49.82690811,51.93373871,50.0737114,50.15761948,49.51026917,48.60541153,47.60113907,48.46950912,49.18994141,48.68756866,49.61645889,48.94675064,49.08654022,49.51974106,49.2048912,48.57546997,48.64535141,48.5003891,49.88869095,50.78995895,51.85261917,52.63557053,54.96971893,57.72335815,57.90065002,59.54219818,63.28200912,63.99251938,63.64112854,64.55648804,64.59767151,65.13764954,65.56720734,66.39778137,66.92243958,67.78553009,68.16925049,68.87970734,69.77559662,68.69819641,68.46219635
SST,Small states,,,,,,76.36486053,75.51444244,75.45008087,76.04161835,76.92249298,75.92565155,77.56890869,77.66628265,76.6845932,75.54046631,76.22875214,78.01992798,76.44286346,76.59631348,75.12696075,76.9196701,76.68209839,76.37136841,75.42237091,75.49852753,75.36253357,76.40619659,76.91876221,79.09326935,79.46465302,79.05529785,78.90762329,80.02526093,80.2745285,80.08522034,80.6339798,82.36372375,82.26075745,83.02784729,83.61141968,84.48921204,84.61354065,86.45137787,86.25363159,86.00939941,86.38561249,85.95423126,85.99430084,85.97949982,86.15141296,85.30708313,85.14334106,84.93422699,84.42855835
STP,Sao Tome and Principe,,,,,,,,50.53321838,,,,,,,106.79245,,,,68.54429626,,,,,,,,,,,47.8027916,,,60.92679977,57.25469971,71.07180023,74.31096649,,72.48490906,75.35662079,84.04818726,85.73432922,110.0764694,91.38079071,96.80719757,89.40055847,95.20309448,80.3980484,86.55522919,86.44068146,90.86805725,,,,
SUR,Suriname,,,,,,,71.40171051,85.26480865,77.87403107,82.70057678,,,,,,89.64705658,,81.99019623,79.19339752,86.82298279,,,,,,,,,,,,,,,,83.92630005,91.21468353,74.90000153,87.58310699,86.35144806,86.21981049,85.05449677,85.73803711,86.2871933,89.33088684,88.23636627,87.44761658,82.47801208,82.53500366,86.18579865,90.96678162,82.03491974,,
SVK,Slovak Republic,,,,,,,,,,,,,,,,,,,,,,,98.68852234,96.95316315,97.59824371,97.01526642,97.22856903,98.50097656,99.60182953,100.2053528,98.75435638,100.8837814,99.04695892,99.48686981,102.868187,100.84552,97.85977936,97.72238159,98.04483032,96.872612,97.08640289,99.06745148,95.62663269,94.61190033,93.59149933,93.97527313,93.80416107,94.81204987,92.8151474,91.38371277,96.54824066,92.65296936,96.64772797,
SVN,Slovenia,,,,,,,,,,,,,,,,,,,,,,,,,,,,98.06176758,97.67002869,97.95600891,97.78607941,98.88330078,96.34043121,105.4004135,,,,,94.30596924,95.39495087,97.48136139,96.98664856,97.50466919,97.89150238,97.38658142,98.7430191,96.62934113,97.18821716,98.63632202,97.29489136,97.4262085,97.77307129,97.73819733,
SWE,Sweden,,96.24462128,97.58251953,97.29351807,96.74432373,97.11264038,97.02194977,97.84345245,97.8555603,98.49577332,99.1427002,99.50878906,98.584198,98.62658691,98.52787781,,,98.58896637,98.84487152,99.11196899,98.83270264,99.36717224,99.55715942,104.0432587,104.5663986,,,,,101.1755295,101.0350418,100.3499603,100.0676804,99.81681824,99.0506134,99.53186035,99.46179199,99.4052124,99.69418335,99.31243896,98.64713287,97.62365723,99.18666077,99.27497864,99.01744843,99.26918793,99.51132965,99.65846252,99.53344727,98.74694061,99.58921051,99.71408081,99.90505981,
SWZ,Eswatini,40.38727951,38.52127075,39.21278,48.12258911,53.89184189,57.68354034,59.58884048,59.34807968,59.41748047,58.55456924,60.52906036,60.76961899,62.49401093,63.93215942,64.0960083,65.14939117,66.60726166,64.29213715,67.72395325,64.87754822,65.11110687,62.89756012,63.73999023,62.20579147,63.24092865,66.77957916,64.15685272,65.74295044,66.65074921,65.5377121,66.09368134,62.28424072,64.33165741,63.83768845,64.86190796,67.66696167,67.05497742,70.41230011,,78.17405701,85.2765274,85.28511047,85.83802032,86.71083832,87.81404877,93.61572266,99.5820694,102.6272202,102.4439621,100.7673798,,,,91.1140213
SXM,Sint Maarten (Dutch part),,,,,,,,,,,,,,,,,,,,,,,,,,,,,,,,,,,,,,,,,,,,,,,,,,,,,,
SYC,Seychelles,87.15328217,96.39888763,104.4914093,,102.3255768,102.1582718,100.9467468,99.88194275,105.0887604,,100.6142502,95.35176086,95.50705719,102.93367,98.48101044,95.41512299,102.9232635,98.33925629,95.97855377,103.5812683,,109.8089218,93.32524109,97.36511993,106.744873,,,106.7934799,112.4301682,110.3734436,111.8571396,114.8514862,102.5316467,117.6384811,105.6164398,117.4964371,,117.6380386,124.418602,142.8865967,116.3879623,112.7760315,101.0835876,104.3618698,120.6349182,112.0124817,129.5025635,155.3047333,128.4734039,140.8582153,133.499176,167.0403595,100.9055634,93.46330261
SYR,Syrian Arab Republic,,36.14540863,39.53723145,41.03438187,46.07865143,48.49703979,52.08263016,55.13611984,57.6059494,55.49378967,55.2077713,57.61265182,62.2403717,65.97048187,69.97708893,74.62259674,78.31211853,79.47557068,80.06481934,84.95178223,85.06408691,87.28453064,92.15483856,85.10543823,87.75614166,87.60997772,89.30458832,87.71115875,87.42552185,87.90264893,88.14672089,89.92987823,91.21470642,101.7570114,101.8740616,105.4657974,108.8279037,108.1403275,107.9031372,107.8528214,106.1262283,104.7506485,104.21698,61.74428177,,,,,,,56.7361908,56.79156876,59.57913971,63.05318832
TCA,Turks and Caicos Islands,,,,,,,,,,,,,,,,,,,,,,,,,84.21053314,,,78.62595367,,,93.19728088,94.77124023,105.5900574,,104.9382706,105.1724091,,,,100,,,,,68.25396729,70.73170471,,,130.4347839,,,99.2857132,95.60440063,
TCD,Chad,,,,,,,4.852469921,4.490330219,,,,,,,,,,,3.739089966,4.674349785,6.32502985,7.194250107,,,9.172419548,6.637129784,7.157279968,8.052650452,,11.5581398,12.84471989,14.50944996,16.62479973,20.86117935,22.64546967,20.3553791,21.37648964,,,23.22130013,23.69065094,26.80410004,27.16540909,30.16246033,,31.1634407,33.9864006,31.17444992,33.96255875,,,37.69419861,,
TEA,East Asia & Pacific (IDA & IBRD countries),,,,,,,,,,,,,,,,,,,,,,,,,,92.2893219,89.50641632,90.35513306,92.06089783,93.66793823,95.77780914,97.95722198,96.84069824,96.21073151,95.37551117,94.91304779,94.07437134,96.81240845,102.1006165,102.7926178,102.5754013,101.3509293,99.18489838,99.78106689,96.10417175,94.22718048,96.30374146,98.00231934,99.35877991,98.51371765,96.42183685,98.20063782,98.21772766,
TEC,Europe & Central Asia (IDA & IBRD countries),,,,,,,,,,,,,,,,,,,,,,,94.37021637,93.23760223,93.18196106,92.65131378,93.00331116,93.52281952,94.32216644,95.42767334,95.17799377,97.73815155,98.3964386,97.26091003,97.80019379,98.95437622,96.82289886,96.55046844,96.81465912,96.77153015,96.26480103,97.23207092,97.67617798,97.39051056,97.26780701,97.3912735,105.0802994,96.5513916,95.37127686,96.85336304,98.0121994,98.33101654,98.03569031,97.92978668
TGO,Togo,,12.18782043,15.34473038,,,,21.62441063,,28.92617989,30.09528923,31.55779076,29.55821037,29.11219978,28.74898911,24.32806015,19.32118988,19.92502022,18.93987083,23.34436035,18.22159004,22.54225922,22.95063019,23.74058914,,19.86531067,27.40456009,31.21282005,,,40.86679077,49.61645889,56.55820084,,59.2294693,61.58921051,61.06180954,61.02775955,,55.00622177,55.15848923,60.04412842,61.84550095,66.08084106,71.16030884,78.09651184,,90.77062225,89.01809692,87.98435211,85.11842346,86.16905212,86.78385162,87.48748779,90.26869965
THA,Thailand,,,,,,33.0152092,35.19895935,35.75125885,37.49356842,,,73.65863037,,,,,,,,,,,,,,,,,,85.2909317,85.78443146,86.71604919,,,,,,,,,,,,,,,,98.61351013,99.39157104,100.591011,102.5783844,102.9182663,101.9206467,101.8542709
TJK,Tajikistan,,,,,,,,,,,,,,,,,,,,,,,,,,,,,,,,,,,,,,,,93.39827728,97.61547089,95.61351013,89.28877258,,90.27487946,91.8024826,88.81194305,89.84179688,,,,,,
TKM,Turkmenistan,,,,,,,,,,,,,,,,,,,,,,,,,,,,,,,,,,,,,,,,,,,,,,,,,,,,,,
TLA,Latin America & the Caribbean (IDA & IBRD countries),66.341362,69.98033905,64.0672226,66.03482819,67.26358795,67.77089691,67.68698883,69.40471649,70.3214798,72.34047699,74.48721313,75.77838135,77.45494843,78.91264343,80.545578,80.5197525,82.05381012,83.40276337,84.0398407,84.87409973,86.51345062,86.8571167,89.2768631,89.12415314,88.42331696,89.05735779,89.49720764,90.28025818,91.228508,91.78726959,92.14349365,92.15058899,93.44992828,93.78420258,94.52542114,95.27384949,96.2681427,97.37460327,97.4274292,97.77313995,98.17173767,98.24136353,99.23179626,99.01982117,99.27178955,97.80101013,97.36048126,96.51557159,95.88017273,95.87153625,96.462883,97.08087921,97.12272644,96.79924011
TLS,Timor-Leste,,,,,,,,,,,,,,,,,,,,,,,,,,,,,,,,,,,,,,,96.96701813,85.14897919,82.54196167,84.50511169,89.43388367,95.58724976,99.46325684,106.7526245,101.8491135,100.5576935,105.1379547,108.4445343,105.7940063,102.7619858,97.96125031,93.09039307
TMN,Middle East & North Africa (IDA & IBRD countries),34.39176941,34.27560043,34.57183075,36.25679016,37.81340027,40.77019119,43.06761932,45.69131088,45.05406952,42.81600952,47.64838028,51.32041168,53.01237869,54.85998917,57.55804825,62.16716003,62.17858124,62.46149063,64.1185379,64.92133331,67.19303131,68.51608276,70.39832306,71.52494812,72.14835358,74.27696228,75.11360168,75.72982025,76.48236084,77.33055115,77.00318146,78.55381775,78.75453186,78.64167786,83.89032745,86.28096771,82.26663208,83.89510345,85.65357971,84.52339935,85.19194794,85.58000946,86.53037262,83.47799683,83.15969849,82.3734436,81.95381165,81.34725189,82.27574158,82.59906769,84.87206268,85.05995941,85.2111969,
TON,Tonga,,,,,,,,78.68731689,95.21002197,109.3635712,,117.1177826,97.98506927,,103.4621582,89.70954132,95.25021362,,,,111.9439926,90.08129883,,114.3987274,,,,,99.05254364,104.7661133,,98.45276642,,,,106.8368988,104.2114029,,,,,,108.8948822,115.2466354,,,,,,,100.2483444,99.18032837,112.2564926,102.4115753
TSA,South Asia (IDA & IBRD),29.62841034,29.79219055,30.3519001,30.70918083,31.07212067,32.16225052,32.81468964,33.49663925,34.94115067,36.18130875,37.50326157,38.89295959,40.35457993,41.77576065,43.31074142,44.8176384,46.41344833,47.97826004,49.34003067,50.7652092,52.09870148,53.50154877,54.89260864,56.17707062,57.55498886,58.97705841,58.73939896,58.48025894,58.23828125,57.98154831,60.18545151,64.28372955,66.3732605,72.42350769,75.20084381,78.12123108,80.69172668,83.42929077,85.7338562,87.54007721,86.99658203,86.21608734,88.21450806,89.55805969,91.2822113,92.35941315,92.28656769,92.17402649,91.04432678,91.30541992,92.356987,92.67024994,103.1503067,88.32521057
TSS,Sub-Saharan Africa (IDA & IBRD countries),,,40.20404816,40.66384125,41.18774033,41.9654007,42.65343857,43.68424988,44.91054153,46.48209,47.19290924,48.40052032,49.05821991,49.82690811,51.93373871,50.0737114,50.15761948,49.51026917,48.60541153,47.60113907,48.46950912,49.18994141,48.68756866,49.61645889,48.94675064,49.08654022,49.51974106,49.2048912,48.57546997,48.64535141,48.5003891,49.88869095,50.78995895,51.85261917,52.63557053,54.96971893,57.72335815,57.90065002,59.54219818,63.28200912,63.99251938,63.64112854,64.55648804,64.59767151,65.13764954,65.56720734,66.39778137,66.92243958,67.78553009,68.16925049,68.87970734,69.77559662,68.69819641,68.46219635
TTO,Trinidad and Tobago,,,,,,,,,,,,,115.0777435,,,89.89965057,,,96.36509705,,,95.08078766,95.30033112,92.61271667,,,90.91525269,89.404953,,98.18234253,92.73461914,87.85182953,,89.60198975,93.85276031,91.18209839,,92.92427826,89.00390625,90.23786163,87.72933197,,,,,,,,,,,,,85.76667786
TUN,Tunisia,,,,42.70204926,,,48.59846115,50.43040848,52.37303162,44.72238159,46.64376068,63.11817932,50.19232941,52.65068817,56.20024109,56.69916153,59.02159119,59.47566986,59.45291138,64.07968903,71.2023468,66.90995789,,67.20957184,73.95469666,83.44429016,81.35147095,83.34684753,,84.56996155,85.51487732,88.93653107,91.53897095,93.83264923,96.01587677,97.71322632,,97.07409668,88.99176025,88.22416687,98.49233246,,,97.16226959,98.46656799,98.65455627,94.13887024,91.18061829,,,99.73973083,99.5178299,,
TUR,Turkiye,,,,,,,,,,,,,,,80.90390015,84.5798111,92.60681915,88.8188324,103.7221222,88.08930969,88.77111053,91.76672363,97.6563797,91.91303253,92.27275085,90.45974731,,,,,,,,,,,,,,,,,,103.2190094,99.07711792,98.80111694,135.3400726,92.977211,91.29519653,96.76567841,100.6878891,103.4843063,101.5710602,
TUV,Tuvalu,,,,,,,,,,,,,,,,,,,,,67.94872284,,,138.7096863,102,,,,95.09803772,,,118,101.9230804,109.7087402,107.2072067,117.4311905,114.0350876,,,,,,,,102,123.4042587,102.173912,,85.7142868,92,103.7735825,100.9174271,97.29730225,94.01708984
TZA,Tanzania,,,,,,27.16913033,29.53071022,,,,,67.71365356,78.54853058,84.80930328,114.3790665,,69.46563721,67.15065765,61.91687012,45.25735855,,61.38056183,52.82434082,56.07397842,54.15380859,,,58.30459976,48.14337921,58.62810135,50.53205872,56.6999588,60.33361816,,58.14339066,54.27960968,71.42656708,82.38912964,,103.2584534,90.43254852,86.74759674,83.66903687,79.22039032,,63.13129807,64.80617523,70.95604706,70.64133453,67.12700653,70.01599121,75.37340546,,91.87587738
UGA,Uganda,,,,,,,,,,,,,25.55867958,,,,26.64858055,,,,,,,,,,,,,,,52.36323929,55.43109894,55.12295914,52.74951172,52.07022858,,49.24140167,54.3741188,72.36961365,54.68214035,52.97306061,54.28924179,54.69493103,58.64128876,53.19141388,55.21982956,53.6522789,,,,,,
UKR,Ukraine,,,,,,,,,,,,,,,,,,,,,,,,92.9522934,91.42529297,,,,,98.23110962,95.21643066,97.89737701,101.6895523,,,119.5740738,105.0432281,104.3820572,101.2336121,100.4184723,100.3236237,101.9095917,98.31591797,99.23268127,96.9167099,89.36119843,87.01062775,88.25467682,85.09239197,89.8622818,90.26804352,89.77919769,,
UMC,Upper middle income,,,,,,,,,,,,,,,,,,,,,,,,,87.99642181,92.44654083,90.4679184,91.21447754,92.49861145,93.52648163,94.52719879,95.95558167,95.82618713,95.17320251,95.69119263,95.84078217,94.31642151,96.72473145,100.7369385,101.1469574,101.0006714,100.1711502,98.59718323,99.15348816,96.02353668,94.12693787,96.52925873,95.82253265,95.92424011,95.83511353,94.87982941,96.27134705,95.82228088,
URY,Uruguay,,,,,70.53208923,,67.41790009,69.27700806,67.4490509,67.55088043,71.81342316,,,,,90.40241241,90.09729004,91.75479126,92.30004883,95.57939148,98.5403595,99.08753967,97.93308258,97.38204956,96.69132233,95.70999146,97.69571686,98.55956268,96.35848999,101.5723877,98.9761734,97.38693237,99.23734283,96.20912933,95.03884125,97.63458252,98.2648468,101.2287674,103.2743301,102.3920593,101.0845795,101.9199371,100.0706863,100.0515823,101.5037308,101.1142731,101.9412613,,102.3880615,,101.1353683,100.423172,100.8619614,
USA,United States,,,,,,,,,,,,,,,,,,,,,,,,,,,,,,,,,,,,,,,,,,,,,,,,97.16603088,95.47634125,103.3436279,101.677948,100.2872772,94.06735229,
UZB,Uzbekistan,,,,,,,,,,,,,,,,,,,,,,,,,,,,,,,,100.9208908,97.0428772,95.49485016,95.80523682,99.58898163,94.84427643,95.224823,95.43179321,97.3706665,99.41835022,97.025177,95.24305725,92.9933548,96.39674377,93.43276978,97.40847015,97.96482086,96.73053741,96.63488007,98.80751801,98.54767609,98.25511932,96.32316589
VCT,St. Vincent and the Grenadines,,,,,,,,,,,,,,,,,,,,,,,,,,,,,,,,,,93.68154907,105.9713974,,,,104.9289093,,97.72962189,100.3184662,104.3763657,111.8047638,108.7990494,110.9045868,113.753212,103.0144196,124.1424789,110.8213806,122.3767395,117.3316727,,107.2243347
VEN,"Venezuela, RB",,,,,,,,,,,,,,,,,,,80.46385193,81.65033722,,84.73265839,88.12091827,87.32475281,,,84.79398346,84.73612976,,84.53941345,86.31752014,87.90418243,93.92722321,91.44898224,91.80227661,93.87478638,97.5442276,98.93585968,95.57962036,95.37265778,93.74108887,95.09166718,96.60047913,96.90310669,97.27983093,96.1648407,93.01242065,89.98071289,,,,,,98.67372894
VGB,British Virgin Islands,,,,,,,,,,,,,,,,92.1875,,,,,,,,,121.6783218,,,,,,,,115,98.37837982,109.3922729,108.2417603,108.5561523,92.5133667,,96.92308044,91.62561798,90.43061829,93.92523193,102.4390182,98.52941132,106.5,89.70587921,93.23670959,74.76190186,66.07142639,79.9163208,,,
VIR,Virgin Islands (U.S.),,,,,,,,,,,,,,,,,,,,,,,,,,,,,,,,,,,,,,,,,,,,,,,,,,,,,,
VNM,Viet Nam,,,,,,,,,,,,,,,,,,,,,,,,,,,,,,97.40122986,98.63137054,104.7498474,102.4208984,102.3218079,,,,,,,,,,92.23478699,101.4607315,97.4553299,101.5556717,,110.6930847,,,,117.8301239,
VUT,Vanuatu,,,,,,,,,,,,,,,,,,,,,,,84.34237671,,75.10938263,,,,90.2718811,,85.720047,95.73628235,,,82.16417694,,,80.30860138,80.7961731,84.73703766,84.74264526,,,90.87706757,,,,,,94.48316193,95.24205017,100.1581879,104.7606888,108.2587051
WLD,World,71.04473877,69.49706268,68.52351379,68.43688965,72.10003662,74.25493622,73.32511139,73.73323822,74.07965851,73.51315308,75.73748779,76.27912903,77.02494812,77.12090302,77.89797211,78.16726685,78.19870758,77.72512054,77.7167511,77.23432159,76.99855804,76.33425903,75.69438171,75.95037079,75.53572083,77.24878693,76.57285309,76.79286957,77.30084991,77.86834717,78.64411163,80.93536377,81.33046722,82.08217621,82.82203674,83.86988831,84.36746979,85.83792877,87.88617706,89.05999756,88.90268707,88.23883057,88.59117889,88.58711243,88.23877716,87.92328644,88.66436768,88.48116302,88.41577148,88.67629242,88.77249146,89.38355255,91.62509918,87.67700195
WSM,Samoa,,,,,,,,,,,,,,,,,,,,,,,,,,,,,,89.79007721,95.85661316,92.86035156,,,,,,99.95854187,,92.41786194,98.5093689,99.78586578,94.60043335,,95.637146,104.3814468,104.2253494,105.5178299,101.0624771,106.9941711,98.57723236,100.5104065,104.2699203,102.199028
XKX,Kosovo,,,,,,,,,,,,,,,,,,,,,,,,,,,,,,,,,,,,,,,,,,,,,,,,,,,,,,
YEM,"Yemen, Rep.",,,,,,,,,,,,,,,,,,,,,,,,,,,,,,30.85668945,,34.88795853,36.27481842,40.05458832,40.90742874,42.7039299,,,48.62636948,,50.72454071,,55.27426147,56.99232101,,,58.72425842,,,,,,,
ZAF,South Africa,,,,,,,,,,,,,,,,,,,,,,94.82273102,,,,,,,83.89930725,77.09912872,74.38301849,,78.52741241,81.97625732,86.72931671,,,,,,,,,,,96.18112946,96.99550629,,99.22112274,98.82959747,97.59603119,98.6489563,90.69037628,
ZMB,Zambia,,,48.20516968,50.6425705,54.14545059,56.24388885,56.93270874,59.8263092,64.95320129,64.70999908,65.14656067,67.23327637,69.26796722,71.1210022,73.87274933,,76.85307312,,,,,,,,,,,,58.45098877,55.85245132,54.50442886,,53.69057083,,64.92723083,68.59562683,77.17112732,80.45288086,84.49021912,79.79488373,102.6450272,,89.52268982,80.46465302,,,,,,,,,,
ZWE,Zimbabwe,,,,,,,,,,,,,,,73.55873108,,,,,,,,,,,,,,,85.96006775,,92.47998047,90.01715088,90.14985657,,,,,,,,,87.75953674,87.13399506,85.54773712,89.68611908,89.67661285,89.52100372,90.0719986,89.27216339,91.1241684,86.14285278,86.64893341,
